identifier,name,gender,birthDate,deceased,address
002bbe31-332f-4817-a400-9f77b8eadfd8,,Male,1999-11-11,1,55th steet
006b7178-c994-48d9-94ee-33ae97627f57,Daniel Cole,Female,1925-02-01,0,"3047 Martinez Dam Suite 852
New Donnaborough, PA 47252"
0091d536-f98d-4c53-8940-88530158a722,Michael Lee,Male,1918-05-11,1,"1701 Brent River Suite 096
West Stephanietown, DC 79412"
00b8bdaf-543d-41b4-a37a-fce16dfae64d,Timothy Johnson,Male,2010-05-28,1,"2389 Lee Plain Apt. 906
Keithchester, MO 59827"
00e23ffe-e5bb-4c65-8e0d-7c81b3aa5538,Caroline Williams,Male,1972-10-20,1,"0083 Morales Course
Port Patrick, NE 32703"
01c23399-a6c2-461e-846a-79e7fcca61d8,Timothy Garza,Female,1955-09-29,0,"027 Kimberly Viaduct Suite 066
West Amandatown, CT 87829"
020f146b-06a8-42f1-a51a-0b0c5b3fb2eb,Angela Gill,Male,1910-05-29,0,"5043 Alexander Run Apt. 288
West Bryanport, OR 08313"
02767049-6d99-40cc-a88d-5cb7a0dac860,Richard Kennedy,Female,2017-04-18,1,"Unit 8431 Box 1358
DPO AE 94896"
02aa5e35-cf63-4bf0-a1e2-e8fe4b09b543,Michael Taylor,Female,1996-08-14,0,"197 Amy Trail Apt. 806
West David, MN 76813"
02dc18de-0d71-4dd4-a47b-fe9516dbc546,Terri Blanchard,Female,2001-12-30,1,"03421 Marie Fall Apt. 129
Taylorborough, MO 09010"
03736aa6-d99d-4077-9a33-a8bf84396ff8,Andre Mays,Male,2012-06-23,1,"Unit 4289 Box 7235
DPO AP 98434"
037f5cd7-043f-4b88-bcb4-501251013bdb,Ashley Herring,Female,2009-03-03,0,"3849 Roy Walk
Terrencefort, MT 64433"
049c2b75-940f-4336-b114-4de55933b6fe,Anthony Martin,Male,1927-09-07,0,"912 James Mountains
Danastad, WV 45480"
04fecd1d-19b3-4827-bbcb-6869becec584,Ian Larson,Female,1935-12-13,1,"724 Sandra Crest Suite 152
Arellanoburgh, AL 05735"
051f4638-ac27-4ca2-9d56-819d9cb555b6,Crystal Smith,Male,1962-12-03,1,"97764 Sullivan Via Apt. 933
North Tina, WA 94972"
05c03236-d42c-4e84-9f4a-be063924155b,Robert Parker,Female,2002-09-14,1,"2333 Mccarthy Plains
Angelchester, NY 73913"
05d0092e-e9cc-49fe-b67f-837f4d30ef76,Mr. John Grant,Female,1959-04-16,0,"683 Mcclain Tunnel
Oscarmouth, LA 31487"
06eb58c1-648a-4555-9b71-8f99a102c20e,Dana Taylor,Male,1908-06-15,0,"63161 Janet Junction Suite 286
North Andrew, IA 43155"
0700a79c-694a-4be3-bc31-44e9b824cdf2,Joshua Mosley,Female,1993-08-03,1,"12803 Johnson Trail
West Nicholasfurt, WV 56895"
07a77dde-60cc-46ba-8cee-00b393d12614,Dustin Austin,Female,1985-08-29,1,"7097 Samantha Stravenue Suite 828
Lake Brianmouth, OK 74232"
07b64d86-8312-4cb9-b471-9fc5f1a59901,Jacob Turner,Female,1950-03-23,1,"55919 Adams Keys
North Susanstad, AL 44167"
082d4e70-e83f-462b-bd81-d4ed88bce831,Carmen Chavez,Male,1950-12-16,1,"74243 Lauren Loaf Suite 709
Armstrongton, AK 33649"
08354677-0b16-4e2d-8452-51fc8675642a,Sean Lowe,Female,1986-01-12,1,"USCGC Good
FPO AE 25279"
084b6855-af62-4de1-b747-d9c226674d53,Donald Burns,Female,2008-02-13,0,"1458 David Port
Jenniferstad, GU 11397"
08ee286f-5b76-451d-a228-6dda73753f39,Katie Porter,Male,1947-08-30,1,"9398 Stanley Street
New Suzanne, KY 30608"
08fb3a78-92b1-46de-8405-cc582420c379,Mary Reilly,Female,2020-08-13,0,"Unit 1006 Box 6721
DPO AA 62631"
091237ba-41e1-4cc6-89f0-f283a5153c62,Adriana Smith,Male,1978-10-04,0,"Unit 7732 Box 9522
DPO AP 13680"
093b1d4d-f186-466e-9b9b-4295fd867361,Joshua Sullivan DVM,Female,1959-01-17,0,"5388 Hahn Valley
North Michael, MA 17803"
095ce6a3-61e3-46d9-a11b-ff69be7ac092,Aaron Parker,Male,2005-12-29,1,"5366 Alvarez Lake
East Daniel, AK 21329"
0982ea77-4e6f-463e-bae0-8bcfded188a2,Charles Higgins,Male,1958-08-05,1,"61012 Jackson Trace Apt. 282
Owensberg, ID 36338"
0a1d96ec-c220-4ccd-84bd-0337cae2248b,Katrina Brewer,Female,1987-11-28,0,"07326 Joe Parkways Suite 790
Lake Nathan, PR 40475"
0b0b5498-ed74-4f12-b9a7-538c34584352,Anthony Charles,Female,1921-04-19,0,"1520 Marcia Centers
Veronicabury, SD 28817"
0b6e8795-b67e-4ee3-9c2e-6e202908e8df,Doris Swanson,Female,1911-05-29,1,"920 Lynch Way
Kevintown, NE 06529"
0bbb63c1-56df-425d-a8ee-7a432263602c,Charles Ramsey,Male,1974-11-08,0,"9774 Bates Landing Suite 670
Haileyberg, OH 19762"
0c63232e-bfd8-46c3-9c5d-83cb86a40ada,Michael Cox,Female,2008-02-18,0,"541 Lisa Fields
Deborahhaven, CT 33448"
0d31c248-733d-4833-a2e9-cacf077a1c09,Leon Smith,Male,1954-09-25,1,"4672 Mckinney Lock Suite 127
Evanport, PR 53482"
0da4db22-8fb9-4afa-bade-639636026bd2,Robert Fisher,Female,1911-09-06,1,"85365 Collins Knoll
East Laura, ME 09992"
0ff4cd05-a940-47c2-9cff-4aed9867d47a,Alicia Taylor,Male,1946-06-29,0,"56155 Andersen Light Apt. 071
Millerberg, OR 54588"
1011a5ac-b4fa-4372-8c5b-572a1e8bb847,Karen Sanders,Female,1955-10-08,0,"11107 Stokes Stream Suite 575
Jonberg, MA 25988"
10cab5b8-6e48-4355-a8ab-49a74e3e55c9,William Hines,Male,2001-09-13,1,"50199 Reynolds Mews
Michelleshire, UT 46005"
118cc245-117a-438b-81f5-41ac59372b44,William Smith,Female,1951-10-24,0,"36319 Matthew Mews Apt. 193
Griffinstad, MN 25538"
11d06b6a-d5d2-44c2-b6c6-16d500140f38,Kenneth Wright,Male,1973-08-03,1,"02508 Aaron Spur Apt. 893
Elizabethmouth, AR 07624"
1275a868-ddb4-4c82-989f-03d181080273,Tricia Lucas,Male,1965-10-25,1,"692 Anthony Knoll
Vangton, WA 37806"
128157d6-1f5e-45cf-bb37-56502684c881,William Chapman,Female,1936-12-16,0,"553 Simpson Islands Suite 513
New Williamview, AR 45226"
129955d5-f3af-4376-aeb4-4812c2056ca3,Amber Blair,Male,1919-07-28,0,"03541 Monica Plains
New Michaelmouth, RI 69029"
12a3956f-3aa2-45b6-be4a-4010e0db7681,Tyler Fuller,Male,1915-08-29,0,"01663 Tina Drive
Stoneland, NY 16209"
12e6ab4b-e873-474b-b67f-9f8c13267b26,Lauren Thompson,Male,1918-10-18,1,"00985 Duran Forks
North Alan, VT 36186"
133f3a53-5b6b-4f67-a80e-6401c036740f,Miss Amy Nguyen MD,Female,1934-09-03,0,"25382 Marks Bridge
Lake Annettebury, NE 98052"
14a488b6-082d-4d6f-b139-e9766c38e3f0,Kim Villa,Female,1947-07-02,1,"0550 Gamble Orchard Suite 699
North Carriebury, MT 12233"
1581346c-5755-4017-8a17-40894c55ec02,Michelle Gardner,Female,2008-04-10,0,"9748 Sarah Canyon Suite 926
South Markland, NY 34403"
15d74c24-2d6f-4104-b99c-0b088add68ed,Michael Keith,Male,1943-02-10,1,"22144 Vazquez Lights
Tylerburgh, FM 47854"
15ecea2d-fd60-448c-81c5-dc0a0f0fc420,Guy Rivera,Female,1971-08-09,1,"048 Carol Tunnel
Oneillstad, DC 87078"
15fc303c-125b-4614-a4c1-93cfa6d43d59,Christopher Buckley,Male,1950-11-17,0,"0856 Taylor Mission Apt. 480
Natalieland, NY 57941"
1645d5f4-64ff-4e73-9242-62da40c09f4d,Heather Martinez,Male,1922-10-04,0,"047 Rebecca Unions
Greenefurt, AZ 07969"
1661648d-b397-4145-acd2-6b5e588e29c1,Melissa Bennett,Female,1938-06-17,0,"73006 Lindsay Mission Apt. 098
Port Nicole, ME 60172"
16668331-f66f-4641-9e07-c1fc3d4e4ada,Vincent Thomas,Male,1976-07-24,0,"06754 Anderson Canyon
South Amyland, NC 81861"
16f7f830-623c-4088-8969-0680dce94524,Kimberly Kim,Female,1911-04-30,1,"226 Christopher Way
Port Ryan, KY 66509"
17bce6b4-9ed6-4829-9718-678b3a03ffb7,John Cochran,Male,1976-02-07,1,"3633 Wolf Creek
Rebekahborough, IN 21579"
17bf0fab-e593-4276-95a4-e7091b325557,Crystal Green,Male,1934-03-14,1,"12563 Johnson Hill
East Cody, NC 16688"
17dcf836-79fc-4d59-9efe-cc256a4847af,Michael Carter,Female,1999-01-19,0,"1526 Randall Flats Suite 866
Smithville, NY 39669"
17ed4fbe-835e-4b0d-9d90-bfe1884feb08,David Johnston,Female,1965-02-24,1,"709 Brown Motorway
North James, FM 17514"
17f22e70-80e6-4fd6-8150-cb8ec78c3d17,Erik Moore,Male,2010-04-11,0,"5444 Gordon Plains Apt. 403
Murraystad, AL 77893"
180c070d-048b-4bcc-9f24-eea04010aa2e,Erin Duarte,Male,1919-02-28,0,"988 Paula Lake Apt. 046
East Amberfurt, RI 91203"
183afed8-36f6-4acc-86f2-4bebdeda294b,Kathy Newton,Female,1951-06-03,1,"8072 Mejia Way Suite 878
West Raymond, AR 79671"
1890eb3d-22b9-4b72-b19d-9b9078d47989,Jonathan Howell,Female,1919-09-03,1,"90174 Johnson Street
Paulville, ND 06439"
18f1e3c8-7c7f-4003-9418-c230d1722a11,Kristy Rodriguez,Female,1929-06-20,1,"5378 Sara Fords Apt. 815
Maryport, OK 67483"
19ee82fa-9e39-408f-9635-b25519846ab3,Sarah Baker,Female,1934-08-03,1,"502 Larson Springs
Geraldhaven, ID 26563"
1a88bd19-00b7-4d0b-adec-ee481f23d88b,Karen Curtis,Female,1977-10-07,0,"442 Moore Knolls
Elizabethmouth, PW 97890"
1aedb326-ac54-4310-9fab-b6ed12f9666d,Sharon Ibarra,Male,2021-01-31,0,"06261 Chase Squares
Lake Lisaport, MI 01897"
1b39a6d5-0ea9-4cba-a4e2-bc7ac2030e89,Crystal Hernandez,Male,2008-06-03,0,"34778 Robert Loaf
Davidchester, NH 43059"
1b4134db-93d1-416e-a266-eb2fe41167f1,John Cole,Female,2010-07-16,0,"USNV Burke
FPO AE 65985"
1b78617e-dcc4-4b4e-80c4-30dc0a5f6bc3,Eugene Villarreal,Male,1928-01-08,0,"2889 David Parks
Weaverview, PW 91890"
1c19bf1a-2655-416a-9c13-ba228f333eaf,Sheila Walker,Male,1974-07-28,1,"900 Mitchell Harbor
New Danielberg, AL 12341"
1ca7e981-5f4a-489a-8627-335d5b3b9c1e,Seth Simmons,Female,1945-04-11,0,"4958 Jonathan Fields Apt. 225
Parkermouth, IN 17417"
1ce7e5fd-ef19-4d6f-bf12-3a760ca4ce74,Tyler Collins,Female,1968-09-14,1,"7514 Larry Courts Suite 563
Joeburgh, TX 75794"
1d07d3cf-9c2e-4e10-b332-77540b5fd167,Mrs. Brandy Bender MD,Female,1957-04-18,0,"391 Lara Viaduct Suite 065
Larsenland, PR 20578"
1d0b4566-3c97-4fad-8c1e-6ca9cc90b0e9,Candice Brooks,Female,1971-03-07,1,"0272 Young Green
Loganbury, WV 64949"
1d6d8d0e-24df-45c3-988d-91db595ddd06,James Matthews,Male,1976-01-15,1,"7150 Miranda Fort Suite 385
South James, LA 19027"
1d83f165-0f37-4699-8292-ef11df110d16,Mr. Matthew Garcia DDS,Male,2013-01-11,1,"2075 Nicholas Loaf Suite 257
Lake Angel, MS 30734"
1e4d0a5a-6b0d-45ed-9108-07354e899a52,Carlos Heath,Female,1961-04-08,1,"940 Baker Radial Apt. 485
Stephenstad, SC 47942"
1f5ce305-8e3e-418f-85f5-c7c50029c627,Melissa Johnson,Male,1954-06-04,0,"45965 Moran Plains Suite 598
Cynthiaport, WA 19780"
1f5df4ac-340d-4834-b9cf-49622bd484eb,Jose Williams,Male,1945-12-29,0,"0781 Turner Junction
East Ashley, KY 80186"
200a7c3b-f6ff-4b02-b506-dbdfcdb697e5,Derrick Allen,Male,1992-02-11,1,"882 Tara Rest
Port Kathy, NM 80489"
2034be3e-002a-4bf1-83c1-fd80afc2eea9,Christopher Curtis,Female,1969-04-23,1,"397 Miller Land Apt. 751
Reneechester, FL 59087"
203bfbdd-5bd6-4010-8ddc-795d0bd3458a,Juan Ross,Male,2022-05-01,0,"755 Steven Island Apt. 162
West Nancy, CO 36500"
20420a0f-4e54-408d-af41-6bac846b5ae7,Ashley Richardson,Male,1967-03-10,1,"716 Kelly Cliff Suite 846
Charlesside, IA 26336"
2099f6af-6215-4e40-b627-ad86d9847549,William Mccall,Male,1974-06-11,0,"78695 Flores Port
Port Benjaminton, UT 04317"
2152e3e9-9cab-4f18-9749-58483fc9b60e,John Anderson,Female,1944-01-28,1,"2824 Louis Mills Suite 718
Melissatown, WA 32025"
2191fb82-71f4-4270-8ba0-5ca584fb9d0c,Terrence Douglas,Female,1979-12-17,1,"59827 Lacey Pine
Lake Tiffany, NV 92920"
224eabcd-3383-4d0d-b08f-35b8ff456265,Samantha Jenkins,Female,1918-05-08,0,"12607 Burns Ville Suite 891
Austinhaven, ND 46201"
224ee1bb-1d6c-49a7-8a9d-a1c30654df37,Matthew Sanders,Female,1976-06-30,1,"56830 Smith Curve Apt. 340
Johnsonchester, WA 96701"
2268527c-4f11-4d96-9c45-137ab368921c,Sandra Allen,Female,1940-01-23,1,"500 Ethan Stream Suite 803
Lake Robertbury, CO 50397"
22759931-c5fe-44d1-9058-96ca1844e49e,Tamara Silva,Male,1944-07-23,1,"11557 Brian Ports Suite 060
New Brett, ND 99677"
22827f1d-86f1-407f-a390-81a4c5fd4c6e,Lawrence Peterson,Female,1990-03-02,0,"1660 Alexander Trail Suite 646
West Carl, CA 69615"
230c15cf-ea24-4bef-80a1-d70de890e204,Clinton Nelson,Male,1989-05-03,0,"7134 Travis Lakes
Lake Adam, AR 33134"
240b910f-0a08-411f-ab10-479a498e801f,Michael Moreno,Female,1940-10-22,0,"8703 Barbara Ramp Apt. 070
North Tammy, IN 13687"
24335a40-f49a-4ff1-9841-5795f898655b,Russell Gray,Female,2022-11-25,1,"37607 Davis Ferry Apt. 396
North Brian, WI 27837"
250cad7e-f180-42f7-a5aa-942789f09c5e,Joshua Williams,Female,2018-05-18,0,"USCGC Brown
FPO AE 39623"
256eb927-4abc-4266-a41a-32901148a180,Ashley Mcknight,Male,1974-09-14,0,"884 Duran Circle Suite 904
Rachelview, VI 45707"
258b2b6d-4f4d-4bb1-a1dc-b3e0bdc77648,Jeremy Butler,Male,1991-04-27,1,"1201 Kane Plains Suite 721
South Cynthia, GA 08140"
25cadde6-24b6-4d89-ac5d-aabf41eca69e,Jason Barton,Male,2005-12-12,0,"5258 Graves Ferry
North Brandon, HI 09725"
2628ddc5-bfaf-4a97-bdd6-dcff31d4eed0,Melissa Ford,Female,1946-07-28,1,"Unit 1760 Box 7684
DPO AP 21500"
26346208-57ee-4e61-bc61-fbf5a6158850,David Bailey,Female,1911-03-06,1,"4782 Jason Cove Apt. 565
Vanessafurt, CA 70510"
2645f1a9-8260-4e07-bead-9fec41bb07b4,Kimberly Johnston,Male,1912-08-24,1,"760 Joseph Isle Apt. 243
Brownfort, CA 17362"
26cb72fd-4798-4e2b-99f0-4cd4967d14e6,Amy Douglas,Male,1996-07-19,0,"0287 Dana Court
North Johnmouth, WA 83448"
27263cdc-69c0-4da0-854f-a91dd1952d92,Allison Brown,Male,1937-01-21,0,"732 Larson Tunnel
Port Sarahfurt, NY 37967"
27a699f5-2ff6-4dca-8b50-c5558b01af82,Ronald Dawson,Male,1954-12-06,0,"96942 Dylan Fort
Cohenfurt, MI 58909"
27fbeed3-dc55-43f1-b564-0698f51c43b5,James Mclean,Female,1923-01-07,1,"7227 Howard Rapids
Lake Beverlyview, MH 10398"
280ab6be-0c70-4845-b16b-9127412c03d7,Tammy Murphy,Male,1979-12-01,1,"7753 David Circle Apt. 576
East Brian, AS 16942"
283e2490-0910-470b-87df-2ec4b42d942f,Megan Cohen,Female,1972-04-25,1,"42142 Fisher Cove Apt. 555
Lake Matthewshire, KS 95959"
288076ae-b2e3-441c-a698-b1198cac7809,Anthony Bennett,Female,2022-06-07,1,"04065 David Crossing
North Stephanie, VI 05086"
28a581c0-c3bb-4870-a269-23f4aac2e213,Ryan Smith,Female,1991-05-05,0,"7621 Tiffany Causeway
West Brett, MN 81127"
29225ccb-4519-4b1f-b1e1-9b1cd9723ea3,Michael Montoya,Male,1964-06-09,1,"25541 Thomas Loaf Suite 516
Gonzalezburgh, MA 43007"
294e5e95-10cb-42a6-8104-5b78237c10a6,Laura Krause,Female,2008-05-18,1,"38954 Nathaniel Flat Apt. 297
West Chelsea, GA 63105"
29fc5805-db4f-4233-be64-fe4223f325ed,Miss Julie Griffin MD,Female,2011-03-22,1,"53661 Moss Expressway
Holderburgh, WA 32484"
2a23a621-0d1c-4db8-8cbc-8e7c8a3ff69c,Deborah Blair,Male,2012-12-15,1,"1480 Jones Extension Apt. 037
Lake Dawnberg, DE 43219"
2a51985d-b745-4ff3-b48f-8144d90e9d46,Henry George,Male,1985-03-11,0,"538 Jessica Branch Suite 011
Duranfurt, VA 28076"
2ad17b92-bf35-4c07-971d-0be479313b1f,Samuel Harrison,Female,1912-05-24,1,"460 Huang Groves
New Crystal, TX 81517"
2ae1d5f0-0625-4f59-abd9-fed98dc0904b,Cameron Hernandez,Female,1954-10-10,0,"7221 Hill Spur Suite 156
North Wendy, MI 30272"
2c27617f-326a-4f90-9c18-94602186f195,Michael Ramos,Male,1957-05-15,0,"1160 Yolanda Rapids
Butlerland, MD 08422"
2c64be40-abd9-44f8-a359-85de949a7719,Nicholas Hartman,Female,1937-12-20,1,"836 Christopher Corners
North Sarashire, IL 00939"
2c892e95-543f-40d8-995d-76ea5ca06ee4,William Jenkins,Female,1934-12-25,0,"40067 Donald Trail
Tiffanyhaven, PA 33917"
2ce09e61-44b9-4df4-b97e-23f915aed429,Emily Sullivan,Male,1993-07-16,1,"Unit 0943 Box 0220
DPO AP 70548"
2d877e74-a9d7-480e-b522-c64b6301a3b8,Dr. Diana Keller,Female,1949-07-26,1,"17861 Shannon Tunnel
Jenniferberg, DE 73739"
2da6ab47-670a-411b-9723-513c2352ee5e,Megan Munoz,Female,1915-07-14,0,"667 Blair Cove
New Rachel, DC 10040"
2dd1b08f-afff-4db5-bd88-b2a536c00bb3,Scott Jones,Male,1919-11-19,0,"192 Alexander Groves
Ashleyborough, WA 75288"
2e7bd37b-36e0-4ea3-b790-0ca343a75904,Earl Wade,Female,1965-10-08,0,"153 Logan Circle Suite 499
East Timothyberg, MS 78366"
2e96e20d-f5e2-4c37-808a-4c6eb93c3a6e,Brandon Roberts,Male,1955-09-23,1,"684 Lisa Run
South Gregory, AL 68812"
2f1d26c2-e9f2-4d18-91a3-ece416d5c4bf,Andrea Young,Female,2015-04-18,0,"PSC 2756, Box 6936
APO AA 64030"
3082fc91-8278-462c-9113-2c4f1b79ec58,Justin Bailey,Female,1987-05-14,1,"244 Gordon Lodge
Jeremytown, ME 65921"
30cd85ef-f976-4a76-b554-a67df763d961,Alexis Hunt,Female,2004-02-26,1,"883 Sean Parkway Apt. 433
Millerview, UT 82323"
30f3bb02-c50e-4573-a392-4122f44fa5e5,Richard Evans,Male,1950-02-06,0,"2549 Baker Inlet
South Toddberg, MT 67156"
315d0767-1cf9-4d7c-b42f-da1553ab010a,Shannon Meyer,Female,2015-05-24,1,"5442 Tammy Crest Suite 375
North Morganmouth, DE 36506"
319a0491-e6cf-4bd8-a5f0-2b6119a665b1,Dwayne Dunlap,Male,1997-10-31,1,"93199 Margaret Fields
Kellimouth, AZ 43628"
31ee9270-db13-4093-93cf-4bbf76832b3f,Anthony Lindsey,Male,1943-09-28,1,"9532 Kenneth Point
New Justinfort, VA 65621"
31f55236-ed64-4dd1-98ad-e1f5db64fbde,William Charles,Male,2020-08-03,0,"06555 Jonathan Street Suite 392
West Williamville, VI 52500"
3217cc0a-89d1-47e3-b7fb-5120a3fdc56f,Alex Martinez,Male,2000-07-03,1,"26730 Harris Mountain
Wardberg, RI 20957"
324de9f5-55e8-481f-8564-5088892a19bc,Maria Crawford,Male,1959-11-19,0,"USNS Harding
FPO AE 42479"
3274e8d6-2bf7-4f5a-bd55-4ec0409c4966,Sean Freeman,Female,1956-03-23,1,"42407 Matthew Vista Apt. 969
North Michele, AS 86816"
329c189c-d139-43a9-85b4-87f50abd1dc0,Lydia Barnes,Male,1945-05-19,1,"7271 Amy Mall
Lisaview, WV 09750"
32b60402-f31f-4c64-897c-33c0ec5fd869,Robert Gonzalez,Female,1954-04-16,1,"9211 Francisco Springs Apt. 548
Terryberg, IA 57614"
3331de60-8467-4b16-ae8d-cda6e5e02874,Robert Hess,Female,1986-05-30,0,"083 Dawn Mountain
Tylerbury, ND 88360"
33355421-c9d4-4b3a-9724-2c05728efc4c,Ashlee Hodges,Female,1964-02-14,1,"7445 Houston Lights
New Makaylamouth, VA 80943"
338359e9-0f22-4b08-89db-f902fbcf51f0,Jim Palmer,Female,1990-03-05,1,"4074 Krueger Mountains Suite 989
Joneschester, PR 38677"
338aa477-ab33-4d0d-985b-8e6c2b309457,Kathryn Lambert,Male,1916-09-08,1,"0549 Brittany Lock
Kathleenfort, HI 25948"
33ea52de-7a29-4d32-9591-4e4d49c3e26f,Jacob Phillips,Female,1953-05-23,0,"35567 Foster Cliffs
South Peterstad, FL 41121"
3416bd84-d304-45d9-b7e0-4ce8fb663c7d,Thomas Gomez,Female,1969-12-03,1,"4011 Jose Dale Apt. 008
Adamstad, CO 01781"
34958e68-ef87-4396-bcce-53b71d7653c6,Lori Jimenez,Female,1967-08-26,1,"PSC 9685, Box 5849
APO AE 62087"
3496da77-7709-436d-9197-ef59edc5991d,Jennifer Bell,Female,1935-06-03,0,"304 Johnson Throughway Suite 475
Hughesbury, WI 37274"
3619cd79-38bd-49e6-a56a-0a3a3fe2335b,Katherine Castro,Female,1959-05-13,1,"3152 Heather Meadow
Lake Mariaport, AL 69808"
3670b37a-fae9-4030-9131-75d14341046c,Jesse Choi,Female,1954-07-31,1,"194 Brown Ridge
Reeseburgh, MN 31696"
36ebfa37-008d-408d-be08-82fa8ab31802,Linda Brown,Female,1931-02-01,0,"727 Allen Lane
North Alexandra, CA 23077"
3736a53b-d430-46c8-a0c6-fb094eb08e1a,Johnathan York,Male,1911-07-24,1,"66978 James Ferry
New Cathychester, KS 53040"
37453664-94df-40a3-84bd-32f04a327849,Stephen Glass,Male,1993-12-09,1,"50042 Edward Mews
West Benjaminberg, MP 41621"
376ff72a-0825-4e31-ae18-342472049c99,Joshua Griffith,Male,1932-06-24,1,"Unit 4387 Box 2779
DPO AP 28834"
378f7abd-7d37-43ca-b119-dc11c55f8510,Catherine Willis MD,Female,1938-08-18,1,"48665 Kelly Roads
New Matthew, MT 28802"
388623ce-ab85-4092-ba93-3f0130868863,Shawn Thornton,Male,2002-08-03,1,"1634 Hale Springs Apt. 700
Johnsonshire, CA 15881"
38c88716-4885-4749-afc1-c53e6a66d90f,Lisa Jackson,Male,1988-06-03,0,"PSC 7479, Box 5456
APO AE 88021"
38e59381-3af3-44e2-b84a-03229828bbf4,Kimberly Strong,Male,1928-03-26,0,"27378 Nicole Junction
Edwardsport, AK 62968"
38ebe720-caf9-4eaa-9908-de37fbdb70f2,Blake Carr,Male,1959-12-22,0,"6158 Kimberly Lights Suite 819
Schmidtstad, IL 58641"
39b78f18-369b-4f7c-ae3d-6aa7422a310d,Michael Allen,Male,2001-10-31,1,"32220 Parker Place
Port Meganberg, MT 69652"
3a288355-e7c6-43a0-a229-ff39414333fe,Candace Wood,Male,1999-09-29,0,"4008 Weber Orchard Apt. 920
Charlesberg, HI 22314"
3a46559a-b85e-49d5-95fd-f9d5bdd661fb,Michael Anderson,Female,1933-09-13,0,"4667 Brown Union
East Sheri, ME 46213"
3a71f2b1-c66b-4eb0-86f8-8f6d0fa28b82,Ashley Snow,Female,2021-04-30,0,"65218 Huffman Radial Apt. 127
Dennisland, AK 20447"
3a96658e-63a8-4a08-9381-2db867902a1c,Sherry Harris,Male,2012-11-15,1,"3334 Pham Island
Port Stacy, MI 53039"
3b3c94de-40be-4052-a0ea-8d8c249ba1ee,Eric Reese,Male,1946-07-15,1,"PSC 2016, Box 1572
APO AA 46253"
3b89b251-b1d6-4416-b8a5-92b619cdb5d9,Carolyn Hines,Male,1954-08-08,0,"2383 Kevin Wells
New Carolyn, AS 14409"
3bb93772-afb7-4ab8-a346-84b2ca8fd7a0,Steven Jones,Female,2005-11-27,1,"PSC 9573, Box 1392
APO AA 04621"
3c1daa0e-796e-4ad7-a1e9-41ddfa29a861,Alyssa West,Female,1969-04-12,1,"76129 Jones Village Apt. 386
Gailview, RI 70867"
3c23f9ad-4164-4802-942b-3b8aae9573af,Sara Smith,Male,1998-08-30,0,"PSC 1953, Box 8643
APO AP 41660"
3c2e2355-d58a-4c3e-b7e9-3adffddc33bf,Cynthia Grant,Female,2011-04-02,0,"9619 David Crossing
Trevinomouth, UT 49280"
3c70f845-eba0-4c80-9579-2bea86a424b3,Amy Vazquez,Female,1910-06-17,1,"6629 Andrea Circle Apt. 958
Port Heatherfurt, DE 58981"
3d2e7f0b-8fdc-457b-8212-0e428f425c6e,Patrick Carter,Female,1923-12-26,1,"28084 Richard Plaza Apt. 231
North Nina, PA 79008"
3e0a7ad7-0dcf-48fb-bbb1-927642d60dd2,Thomas Love,Female,1949-05-28,1,"496 Kim Prairie
Brendamouth, IA 15957"
3e7ae541-b5a0-4c73-962e-4d8b642b1291,Brittany Walker,Male,1933-06-13,1,"427 Tara Springs Apt. 325
Johnsonmouth, VA 43943"
3eb0b1af-0573-4c59-a622-5369ed4a5531,Jacqueline Palmer,Male,1981-03-21,0,"43325 Hinton Pass
Jillchester, NJ 60953"
3ec6890e-577a-4a54-b17c-f18cf18155f4,Katie Mclean,Female,1938-10-20,0,"577 Sarah Mountains
Crystalville, WV 14796"
3efd7fb5-f165-4433-bdba-286433877d0b,Ronald Jones,Male,1992-12-16,1,"48513 Lopez Knolls Suite 302
South Kara, NV 66458"
3f0d9f3e-3ce2-4b1b-8c94-025f0b98d472,Scott Robles,Female,1982-06-14,1,"640 Vaughn Forge
Browningport, LA 82631"
3f3c3668-b4f5-4af0-b60f-ef9caeecd1e9,Heather Gentry,Female,1985-01-30,1,"40128 Lopez Shore
Lake Maria, HI 57711"
3ffefce1-3e13-4484-bb3d-177ba88557e8,Robert Hayes,Female,1979-11-28,1,"262 Nancy Throughway Apt. 937
Martintown, KS 97867"
401e3415-9d79-462f-a02d-b2ea9a805279,Dustin Smith,Female,1923-10-03,1,"814 Marcia Mountains
Delgadomouth, OK 08945"
405262fe-a5ed-456c-9b1d-c10d8ccb4dbd,Kaitlin Gonzalez,Male,2015-05-11,0,"37548 Sanders Island Suite 247
Lake Aaronburgh, PW 28646"
407c8a65-2132-482a-b5d3-c673dc31736e,Heidi Steele,Female,1929-07-13,1,"9543 Daugherty Well
Ericmouth, MN 76312"
4095357f-bd2d-4a16-a425-c1c6f88b4ca5,Gina Mejia,Female,1929-01-25,0,"5412 Robert Road
North Michaelhaven, PR 06051"
40fbaf05-baad-4f08-994f-7c23973a006c,Kathryn Christensen,Male,1942-02-04,0,"5085 Cooper Parkways Suite 555
North Michael, TX 88269"
413101ea-4ac8-4f14-9263-9afbb5c2fae8,Veronica Brown,Female,1935-12-01,1,"65179 Ward Highway Apt. 510
Georgemouth, AK 31442"
413c5de6-2e22-4add-96b1-ecb3332f9889,Karen Wright,Female,1996-01-18,1,"91720 Harper Court
Lake Josemouth, IA 55949"
4194016c-23e0-49a1-96ec-d2ea10a9e36d,Nicholas Bright,Female,1948-11-15,1,"1949 Adam Stravenue Suite 419
Lake Ronald, VA 77801"
419a2cc8-abd2-4615-81bd-608009c75bfe,Kenneth Rivas,Male,1922-02-09,0,"3892 Nicholas Groves Suite 060
Joshuahaven, UT 44865"
41bce144-87ba-4e15-8626-d379ffa98d68,Timothy Rodriguez,Male,1964-11-03,1,"901 Avila Track
Heidibury, DC 87121"
41c36b18-b001-4d56-93c1-d04b74b6e073,Scott Weaver,Female,1911-11-23,1,"2539 Rodriguez Walks
Fordmouth, AR 59942"
41d5b24a-e900-48ac-b68f-35ccb280e16d,Antonio Martinez,Male,1977-08-18,1,"660 Amber Falls Suite 844
North Jack, CT 82540"
42074e6c-7860-4277-acfe-71cbb6621dd4,George Alvarez,Female,1973-01-03,0,"0448 William Ramp
Robinsonberg, WY 55080"
420a3017-cab9-44c5-a530-0f06df4300b0,Erik Smith,Male,1972-05-04,1,"PSC 0702, Box 9730
APO AE 05222"
424f7784-c9e6-4fca-a5a1-776586345841,Robert Becker,Female,1957-11-13,1,"5053 Luna Lakes Apt. 146
East Andrew, PW 08192"
429ff310-fbb1-478b-87e7-409be0d18ae5,Aaron Garcia,Male,1990-11-03,1,"06848 Angela Station Apt. 191
Aguilarfort, PA 74446"
42f6c5ef-1dc6-46fa-bcd2-7065df1998cc,Sarah Pena,Female,1973-10-28,1,"72396 Simmons Dam Suite 068
Amberland, WI 79579"
4321730a-4abd-4e2e-96d5-455ca027a822,Steven Campbell,Female,1998-06-06,1,"706 Hayes Mountains Apt. 012
Guzmanside, CA 32928"
432a87c6-f1c9-42a2-861c-f6059ccd0190,Valerie Wall,Male,1937-03-29,0,"2966 Mccall Bypass
Christopherside, WY 59137"
4349a747-2d27-4116-bac0-9e32a68f95fb,Mr. Eric Hamilton,Female,2022-08-02,1,"4023 Schneider Flat Suite 892
New Rebecca, HI 98345"
4388f967-d8b1-4875-ba0b-317a50cdd71a,Jack Leon,Female,1941-01-12,0,"870 Edwards Flats
North Thomas, AZ 73851"
4403a396-c3df-45da-a800-5552f39dab61,Glenn Ruiz,Female,2009-10-04,0,"Unit 0033 Box 0204
DPO AP 93584"
441993ba-94f0-457c-8382-4d563b67e2ce,Aaron Brady,Male,1996-08-20,1,"285 Hendricks Lane Apt. 919
Marcusside, AR 48519"
45160202-5617-4b07-aa2b-06d10f55f303,Kevin Turner,Female,1972-01-18,0,"54253 Young Tunnel Apt. 157
West Billyville, MN 39523"
4571693d-2e9d-4e3c-83ac-3ff46459ce7f,Andrea Branch,Female,1919-11-19,1,"Unit 1206 Box 4460
DPO AP 35448"
4651c089-cd31-4a42-bf88-3040804c0954,Norman Walker,Female,1995-08-29,0,"0584 Timothy Valley Suite 134
West Lauraport, CA 42997"
46d2629c-7b4f-4215-9042-bfb1d6cedca8,Debra Ingram,Female,1948-09-28,0,"9605 Smith Plaza
Jamesfurt, AK 87919"
4721d9df-39a3-4714-a978-e86ddf182760,Sandra Stevens,Male,1928-06-27,1,"2877 Christina Locks
South Erik, MA 75301"
477b99fc-6174-4608-be7d-61712fe3c76b,Sabrina Horn,Male,1923-03-19,0,"6254 Bates Orchard Suite 212
West Jillville, HI 73772"
47aa3a0a-6de6-4f70-87f1-88a430d86f0c,Connie Garza,Female,1934-07-16,0,"4849 Ramsey Prairie Apt. 094
Hughesstad, ND 54512"
47bf239d-4700-4bdb-8355-10663d08e2c8,Timothy Joseph,Female,1975-11-17,0,"953 Heather Coves Suite 102
Leefort, LA 09882"
47e950a3-d07c-41d4-84ee-71368236f83d,Nicole Higgins,Male,1936-12-19,1,"62315 Wright Ville
Lake Jason, RI 92270"
47fcf430-6fcf-4378-8b3b-aaf8e5d563b2,Michael Watson,Female,1960-06-14,0,"775 Sherry Dale Apt. 937
West Kevin, TX 76873"
48016998-3994-4146-9100-7a92e8e2b325,Jillian Atkinson,Male,1996-05-08,1,"USNS Martin
FPO AA 60983"
4804e0da-0d27-40ac-b86c-500b3e0a6cbb,Desiree Smith,Male,1977-09-28,0,"834 Anderson Key Suite 502
Jenniferland, MH 20001"
4819ef44-6e0f-407d-aa52-c82de7a7e663,Sarah Lee,Male,1909-07-12,0,"19556 Brian Circle
Leviville, CO 93460"
483077e0-0115-4dee-b806-f364279bd330,Nancy Douglas,Male,2020-10-19,0,"3052 Lynch Knoll
South Adam, OR 88411"
48371fc2-6c92-480f-b184-8e40d01a6637,Mr. Troy Miller,Male,1957-03-20,0,"829 Nicole Summit Apt. 352
South Laura, CT 76548"
49495c78-7b78-4c84-9eec-ea46259ebe84,Ryan Braun,Male,1960-04-11,1,"893 Kimberly Stream
New Stevenville, PW 70422"
49726095-17e1-4758-9e05-5c47f0e10280,Joe Williams,Female,1979-08-07,1,"239 Reyes Corners
Port Adamstad, WI 02452"
4a69925b-46a9-4810-b94a-888771067b4d,Katherine Barker,Female,1931-12-17,1,"434 Bennett Corners Apt. 105
Lopezton, RI 97166"
4a96c3c0-4da4-4b9d-a868-1ebf6524eec5,Kimberly James,Female,1973-04-10,1,"421 Wilson Pines
Palmerland, UT 12292"
4b1ac2c3-4d39-4e6b-8e15-dd18f774e594,Rick Hill,Male,1939-07-31,0,"4612 Gabriel Groves
New April, MS 01226"
4b28cef2-33b8-43d9-ad4c-42e9e35bc20c,Dawn Alexander,Male,1972-09-20,1,"4026 James Radial
East Sandra, CO 69375"
4b4ab638-e792-475c-bce8-709e001e48e3,Grace Martinez DDS,Male,1984-12-13,1,"1635 Brenda Motorway Apt. 060
Jenniferburgh, ID 83196"
4bfabf0d-f1be-40dc-9a2f-79f59a624320,Janice Kelley,Female,1984-03-13,0,"94179 Daniel Summit Suite 771
North Elizabeth, NV 54257"
4c0a3309-c892-4e13-b6c4-59f271a7332b,Thomas Reynolds,Male,2007-11-04,0,"15759 Grimes Mission Suite 451
Gibsonhaven, DE 18160"
4c1f4c3d-96d6-49b9-8a3a-8878d2dbd61f,Courtney Taylor,Male,1957-09-19,0,"66539 Brown Place
Oconnorside, NY 12651"
4c3cdbdf-62b8-4f94-a551-a2c55d97ae17,Alyssa Coleman,Male,2000-04-12,0,"32535 Greene Extensions Apt. 964
East Timothy, WY 62870"
4c6143a3-b902-4b34-8c17-5f79cdca6fd6,David Aguilar,Male,2013-03-06,0,"09600 Maria Cliffs
Matthewside, IA 53480"
4c85e95f-4aec-45d7-a84a-013996c77c77,Kevin Lara,Male,1922-11-06,1,"066 Andrew Shores Suite 480
Bullockberg, RI 69896"
4ce21b4f-9444-48b3-8816-8ec80d37cfaa,Anne Lewis,Female,1945-03-14,1,"96085 Jones Brooks
Crawfordhaven, CO 47211"
4ce2e30b-01ec-4f75-9e93-802f81b0bd06,Jesse Gillespie,Female,1997-10-18,0,"41213 Anthony Common
Howardbury, VI 23276"
4d1f7fc5-c985-479a-b34e-8f47564cf7f7,Matthew French,Female,1955-11-04,1,"309 John Crest
Conniestad, MT 49361"
4dc62db5-036e-46ac-9439-a4c9303c088f,Stephen Knapp,Female,1947-10-04,0,"570 Santos Field
Dawnland, AK 74842"
4e21e784-b830-40d6-b293-16731565cd54,John Jones,Female,1995-09-07,0,"49236 Laura Manor Suite 372
Novakchester, NV 86707"
4e7a83c3-a1ca-476c-9ef4-99f75fb94dd2,George Fox,Male,1934-01-10,0,"8610 Ford Port Suite 931
West Jennifer, IN 79261"
4f38c469-3bca-4a2d-bb27-e9aa9d0b4df6,Amanda Garcia,Female,2007-07-15,1,"1892 Gonzalez Islands Suite 249
South Jeffreychester, GA 74880"
4f518369-aac1-4282-9107-bc17870ccaeb,Vincent Hensley,Female,1976-02-10,0,"783 Danielle Crossing Suite 214
North Dominique, VT 33816"
4f59b13b-89d7-4316-b031-7db099f332d9,Karen Johnson,Male,1959-05-17,0,"5161 Adams Flats
Port Bryanview, KY 95337"
4f89ad26-1279-4a93-bcd5-c5e0a5746c7a,Jacob Wilkinson,Male,1968-03-04,1,"23770 Jesse Greens
Port Kylebury, PW 65914"
4f9c7aa4-0909-4893-8e98-8bb3f5c4b782,Anthony Burke,Male,1920-02-08,0,"USS Gross
FPO AA 41180"
4fa3e6f8-0b7a-4a77-9f10-959fb56001ce,Cheryl Morris,Male,2013-04-29,0,"3062 Morris Knolls Suite 667
Port Aliciatown, MD 28610"
5044f4d8-cf04-459f-8df3-f37ca2adbd58,William Oneal,Female,1954-04-02,0,"PSC 9410, Box 0384
APO AA 72127"
5064c062-8e71-4d64-808a-bbe5544f15fb,Stephanie Barber,Female,1915-10-08,1,"59082 Dalton Wells Suite 692
Valenciaside, WV 36415"
509d21b8-db5f-4694-a66b-64024364fdc8,Ryan Garrison,Male,2020-09-13,0,"5062 Nicholas Inlet
Lake Nataliefurt, PA 74514"
50c00054-e881-427c-9c1c-08351a285293,Larry Ashley,Female,1997-02-11,0,"0664 Richard Expressway
Lake Kellybury, CO 41779"
5120d6e2-7f22-436b-8f41-b8f341eb3b2f,Andrew Hoover,Male,1922-10-01,1,"9788 Omar Extension Suite 886
Judithton, GA 91801"
516f859d-5c17-4431-9fdb-0758a54dfd14,Amber Nelson,Male,1970-11-27,1,"375 Michael Point
Campbellmouth, KY 41591"
51a14a4b-7f28-4bc9-a7d5-0016607d267c,Jesus Malone,Male,2006-04-10,0,"19814 David Mountains
Lake Ryanborough, VA 02204"
51abc809-fe10-44f9-82a0-1e74a19b331e,Theresa Jefferson,Female,1974-02-23,0,"7182 Christopher Shore
South Randy, IN 30874"
52af3dbe-2940-49ba-9c5e-24fa491a061c,Carlos Gomez,Male,1952-09-28,0,"22040 Andrew Manor Apt. 849
Meyersburgh, AL 56199"
52cc079f-195d-4b0e-9528-86d7db01dfa4,Elaine Martinez,Male,1983-07-01,1,"355 Torres Hollow
Changville, GU 06591"
52f2490e-cb27-41ab-876e-e43b6d27a77c,Michael Moore,Female,1932-04-23,0,"Unit 3277 Box 7888
DPO AP 85453"
52f8f4f0-b2c1-4298-bba7-5773fb83e2b0,Daniel Berg,Male,1975-05-04,0,"433 Brittany Avenue Suite 878
Lewisland, NV 42480"
5340587e-03b6-4c2a-b1e9-ccfaa888a648,Tyrone Price,Male,1959-01-25,1,"489 Marie Ridges Suite 822
North Nathan, CA 87801"
5357a8e6-104f-42bb-9760-9cd99ae91846,Lindsey Moore,Male,1975-04-27,1,"72806 Nelson Plains
Marybury, ME 35403"
53a4299d-a4a6-48e5-bfeb-d04029a4c8e4,Mr. Jeffrey Elliott,Male,1927-11-12,1,"33018 Lindsay Motorway Apt. 089
Port Tinabury, MA 48827"
53ea64d3-fb5f-47b0-8be1-495adc961cf3,Sandra Scott,Female,1925-01-16,0,"Unit 9602 Box 9228
DPO AA 62852"
5437b1cf-ae76-4e16-80fd-8396e8406c10,Christopher Espinoza,Female,1935-01-19,1,"23413 Nicole Burg Suite 862
West Amandamouth, KY 53288"
54771f77-84c4-4087-a368-3cc28a76596c,Ann Hines,Female,1972-08-19,1,"33239 John Springs Apt. 525
South John, KS 83725"
55916f65-c87e-4bc3-aca6-e87c19af1c75,Sarah Garcia,Female,2018-02-14,1,"017 Elliott Court Apt. 197
Lopezmouth, ND 55672"
55a8d626-4cca-4d53-ba15-3ae342809bbf,David Price,Male,1952-10-21,0,"4252 Jason Rapids
Sweeneyside, TX 63236"
55a91c58-e272-4a95-9533-ce07442ecf85,Sergio Bailey,Female,1919-08-16,1,"USNV Murphy
FPO AA 67741"
563cbeb6-dad0-4657-b4a6-febf471bf5ca,Pamela Wallace,Male,1912-10-30,0,"18469 Ashlee Ways Apt. 223
North Tanyaview, WA 28308"
569bdd9e-ed6b-4921-8c63-0cd8c006e86c,Cameron Goodwin,Male,1965-12-06,1,"Unit 7266 Box 5661
DPO AP 14398"
56a665d7-cc0e-4c8b-9bac-c776c533e764,Rachel Mcdonald,Male,2016-07-02,0,"14094 Willie Dale Suite 360
East Jim, KS 15684"
56b5b006-4715-49c3-9033-8198a1eea135,Kevin Benitez,Male,2018-11-04,0,"61007 Debra Lake Suite 059
West Danielstad, NJ 85618"
56cd91d5-64e4-4c0d-b6a6-94641c3cf90f,Christina Mann,Female,1924-12-04,1,"0078 Brandon Bridge
Heiditon, KS 48921"
572f851d-166e-4bd8-b262-eba627c7d1df,Jeremy Miller,Male,1936-09-23,1,"4040 Monique Trail
Rodriguezberg, OH 86995"
5772d992-2519-47fc-a4c3-0e55eac253b0,Lisa Brown,Female,1961-09-04,0,"183 Martinez Bypass
New Michael, MP 55416"
57a058ec-b5fd-4557-ab07-0b7ff257e7d3,Ryan Scott,Male,1985-04-22,0,"Unit 4270 Box 9997
DPO AP 39533"
57bfaeca-c37b-4915-a903-ffb9e339a584,Amy Beck,Female,1953-02-15,1,"493 John Circles
South Karenstad, AS 00875"
582ee8fd-6b31-444a-a13b-5b321d260aa9,Alyssa Padilla,Female,1995-01-27,0,"66085 Day Meadows Suite 365
Port Scottfort, MO 19162"
584c8080-dbe3-4f99-bf6e-3b0f46d1631b,Sheila Park,Female,1935-10-07,0,"394 Joseph Hollow
Juliemouth, SC 73770"
58cf5758-59f7-4de3-b7d3-acfcec587152,Suzanne Dalton,Male,1911-04-11,0,"872 Estrada Passage Suite 337
Katherineborough, NJ 01552"
58d9a1b3-6dbb-481c-967a-4dfc85a6f9c2,Krista White,Female,2002-11-28,1,"72870 Madden Knoll Suite 831
West Andrea, MD 57612"
59417195-ace2-41cc-a8a4-73972ddfd1c5,Christopher Erickson,Female,1985-12-01,1,"0888 Barry Street
West Jessica, RI 59106"
596e545c-e099-4c78-aa52-cadca2cf121d,Rebecca Cantu,Female,2004-01-27,1,"24974 Grant Mount
South Albertland, NV 58809"
59ac0644-ba24-4376-b1a5-3bceda3eab78,Ellen Moore,Female,1982-03-08,0,"USCGC Barrett
FPO AA 21323"
59bf34ca-9f6e-4828-ac38-468854d3ad29,Mrs. Samantha Pennington MD,Female,1960-10-27,0,"15018 Michael Highway Apt. 732
Bradleyfurt, NM 74594"
59ca7767-c0fb-4835-aede-28304c349032,Kimberly Baker,Male,2018-10-17,0,"9268 Brittany Mall
Timothybury, NJ 93593"
5a1f3add-dc11-4739-bfdc-10588389ea49,Jim Robbins,Male,1989-05-26,0,"12742 Alexander Highway Suite 947
New James, ND 76789"
5a784e97-02ce-4b78-91db-bd819006661b,Jasmine Howell,Male,2003-01-05,1,"1276 Christopher Stravenue Apt. 533
East Jane, GA 18540"
5b051df8-efaf-4848-864a-2daffe1d3208,Maurice Palmer,Male,1936-06-01,0,"05526 Terrell Stream Apt. 695
Caitlinfort, MD 54210"
5b7a741e-a866-4ffb-8ab3-80a3d614796b,Mr. Jeffrey Miller,Female,1999-06-27,1,"Unit 3575 Box 6549
DPO AA 87305"
5b874e31-e6e1-4ecc-b19f-4cb2764d86e9,Gregory Johnson,Male,2016-06-18,1,"3392 Ochoa Path Suite 650
Port Alisonport, CA 10938"
5b91926b-ff93-46fc-80bd-3e8bf42f3ebc,Ronald Roberts,Male,1929-04-25,1,"68326 Crystal Burg
Jacobton, CO 90630"
5c0d7d39-1bfc-4041-8ac8-4617edf25a9d,Gabriella Torres,Male,1991-05-21,1,"320 White Via
Butlerberg, SC 43697"
5c59e9f7-f13b-4672-a882-ff625f3f740e,Melody Allen,Male,2005-06-15,1,"20832 Price Street
Joshuafort, MA 26586"
5d1ca74d-cfad-4b4a-846d-432e5c39337c,Michelle Carr,Female,1948-03-23,0,"4418 Jones Valley Suite 145
Darlenestad, IL 86814"
5da12fb5-23f6-4b97-aac3-891bcfd708b3,Philip Baker,Male,1974-03-04,0,"754 Stephens Mews Suite 925
East Edwardborough, PR 56380"
5dcd7338-57ee-47f5-bda1-7143005a5c24,Isaac Morris,Female,1929-03-15,0,"02235 Alfred Squares
Randymouth, NY 10882"
5e29aa77-77b2-4b4d-98cc-f8bacb590e42,Erik Kemp,Female,1946-11-15,0,"2500 Rodriguez Underpass
West Patricia, IA 36761"
5e4b94a5-d4be-4ba9-b337-e43a17c8a3ed,Kevin Caldwell,Female,2004-03-27,0,"445 Hunter Run
Ericaburgh, VT 95168"
5e7644a2-1c52-47c2-8a04-bfe2874f6a68,Jacqueline Salinas,Male,1979-12-08,0,"9885 Knight Springs Apt. 708
East Garyfort, WA 53361"
5e7cd64d-d298-49f0-a632-c9c16b792cad,Angela Cline,Male,1935-05-02,0,"7017 Robert Circle
Emilyville, AR 39052"
5efefa0a-16d5-4472-a990-c913f80786d1,Pamela Gonzalez,Male,1963-09-29,0,"45441 Snow Circles Suite 463
Josephland, IA 32472"
5f1ed66d-66cf-4bef-9c05-09218be8c32a,Darren Thomas,Female,2003-03-21,1,"775 Tonya Square
Lake Jessica, DE 64738"
5f266af8-b4a5-48b3-b91c-e5ccab13b095,Tina Rodriguez,Female,1911-01-08,1,"Unit 6050 Box 4969
DPO AE 78526"
5f49428d-faa5-432d-931b-79566c010d02,Joseph Higgins,Female,1967-12-16,1,"50680 Marie Tunnel Apt. 147
South Mariaport, VA 25309"
5fbb6700-5d6b-4556-b8ce-977a99ddc11e,Deanna Lester,Female,1935-10-14,0,"4292 Derek Light Suite 428
East Michellebury, PR 44861"
60a9bccb-3b41-41fe-a7a0-ef901326249c,Brittany Zamora,Male,1954-05-25,1,"86021 Montgomery Trail
Robertshire, NE 78102"
61195988-91d3-4ceb-a94f-30e72a61a37f,Clifford Mueller,Male,1972-04-03,1,"0432 Holland Key Suite 046
Kleinburgh, NE 40440"
616d99fc-7693-4d89-ad9f-b06378541995,Shawn Clark,Female,1944-02-21,1,"42727 David Cove
Lake Nicoleside, MI 66054"
61aeba05-81df-4c62-b749-98168d0ca577,Victor Smith,Male,1984-01-12,0,"1349 Kendra Street
New Thomasborough, DE 12550"
61decd86-61c3-417b-ae53-4f0ea099c1f7,Nicole Hernandez,Male,1994-10-18,1,"15609 Catherine Square Suite 584
Tuckerborough, FM 20193"
6225aeb8-2ae3-4f9f-9855-5b3b982565b2,Michael Rich,Female,2008-11-18,0,"Unit 2417 Box 8156
DPO AE 21851"
6227cfbd-9d9d-4b0b-b788-65cd33ea105e,John Brown,Male,1915-07-26,1,"74169 Dorothy Summit Apt. 237
Mariaton, NH 82128"
62945438-969f-43bf-9e76-aca0e8a9e9d5,Benjamin Cook,Female,1938-11-06,1,"6388 Sims Mountains Suite 044
North Michaelstad, IL 16739"
63c9ac96-e960-4093-92b3-aa4be3b1eb5b,William Becker,Male,1958-09-01,1,"68649 Vazquez Court Apt. 390
South Allisonfort, VI 66073"
63d6f40b-88dd-4406-a4d0-415b0848cab3,Makayla Cortez,Male,1949-06-23,0,"44301 April Springs Suite 913
West Arthur, GU 58872"
643dccbb-99b7-4aac-984c-544cf385ed5c,Michaela Gomez,Male,1962-10-10,0,"37764 Lee Mountains Apt. 192
North Triciaside, IN 45840"
643fd002-6fef-4403-80a8-d20d04044d48,Kimberly Williams,Female,2007-09-24,1,"286 Adam Manor
Sarahtown, VI 59505"
6458d835-47c5-4efd-9589-89ef0ceb67d4,Christine Murphy,Male,1950-08-31,1,"339 Jones Shore
North Ryanton, AR 32437"
64633c32-541a-4ced-96b8-952d4611c166,Kyle Ross,Male,1932-09-23,1,"62274 David Crescent Apt. 256
Port Mary, AK 66086"
648171b9-86af-4020-b7c8-20a26ec3cdb5,Mark Trujillo,Female,1918-05-28,1,"59922 Humphrey Mountains Suite 352
Port Eugene, LA 86053"
65ec16b2-1d9a-4276-a0ba-cae12f763772,Janet Ross,Female,1984-12-22,1,"291 Allen Viaduct Suite 902
East Williamfurt, LA 24275"
66013efa-a177-4b96-a026-87dfbea9e9a5,Kenneth Alexander,Female,1932-01-31,0,"31360 Manuel Valley
Justinview, AS 36882"
661559de-5573-468c-ab87-c05c4bf75b8a,Cathy Hill,Female,1947-05-21,0,"6461 Martin Camp Suite 126
Martinezport, LA 18012"
661ce954-286e-48b2-ae9d-17b5d07de418,Heather Jones,Male,1919-04-19,0,"5224 Porter Isle Apt. 798
Jennifermouth, IN 70020"
66f918c1-47b5-4df7-937c-c9e8eec285b0,Timothy Lopez,Male,1941-11-17,0,"5313 Hines Forest
East Monicafort, MH 48906"
673c9e28-f027-4a1a-abc2-17b660384a48,Charles Gregory,Male,1916-05-13,0,"72844 Jeanne Island
Lewisborough, VA 60530"
676dc339-7a98-4336-aa3e-b0fd51061f31,Cynthia Smith,Female,1938-07-16,0,"3615 Garcia Vista
South Joshuamouth, AL 61677"
677a626c-96c0-4cf5-bc05-1f7b0ddb7f67,Christina George,Female,1954-04-20,0,"366 David Junction Apt. 700
Port Michael, WI 53176"
67d1e171-faf8-41bd-93d2-a29c72e4b54b,Michelle Diaz,Male,1994-01-30,0,"105 Reed Neck
Lake Michelle, NH 65577"
67e19f22-5293-42b2-947e-f318ae3b75e5,Robert Lopez,Male,1916-03-26,1,"477 Mary Unions Apt. 702
Williamshire, NE 72411"
68da2870-9d93-4c37-b2f7-3379afde502e,Nicole Page,Male,2021-08-24,0,"626 Colon Crossing
Lopezchester, KS 76259"
691f2ca7-2cdd-450e-9fc4-3a1f0fbd2a95,William Kelly,Female,1965-04-18,0,"9847 Howell Dam Apt. 437
West Jamesberg, CO 70836"
6a5ff0f3-c966-4566-a0cc-6d964b2455ec,Brenda Kane,Male,2005-05-15,0,"USNS Bond
FPO AE 50275"
6a90c22f-40a6-4fea-9646-15e24ede963b,Jessica Cunningham,Female,1915-07-07,0,"17347 Robert Center
East Jennifer, SD 44675"
6abcd7e9-b90f-480b-ba1d-4a09456c358f,Kelly Flores,Male,2010-07-17,0,"31283 Krystal Stravenue Suite 481
Lonnieview, IN 94934"
6b651148-5f4a-477e-9536-831ddc5d9f57,Ms. Catherine Armstrong DDS,Female,1968-02-11,1,"260 Patrick Rest Apt. 097
Hebertside, WV 68475"
6bac2e2e-12a4-428e-a434-6a0785ee5423,Jessica Campbell,Male,1947-09-21,0,"0462 Meagan Tunnel Apt. 695
Ronaldhaven, NY 90444"
6be1b726-fac0-4acb-9eab-58716672a84f,Carl Freeman,Female,1909-09-21,0,"17048 Edwards Centers Suite 609
Michaelmouth, MA 67154"
6bfee0bd-e166-4fb9-8e18-4f34ee32d8ac,Kyle Smith,Female,1923-11-30,0,"037 Vega Divide Apt. 137
Beckystad, MI 81837"
6cb3158b-ff7f-4d4f-b9ad-03bf0597850a,Brittany Grant,Female,1956-07-19,0,"120 Mueller Haven Suite 569
Tinaburgh, ME 45284"
6cfaa094-e170-4f59-92cf-929fe22ab781,Roger Buchanan,Male,1966-05-11,0,"35161 Sabrina Haven Apt. 529
West Robert, NV 31407"
6d12d45f-3d2d-466b-9743-460203391a0e,Matthew Fisher,Male,1910-02-02,0,"0588 Amanda Trafficway Suite 703
Kingland, WY 67601"
6d38af47-c084-4cd7-ae23-391a6a81a3f6,Michael Green,Female,1937-07-02,1,"245 Lynn Brook Suite 810
Port Christyville, CA 89803"
6d8671e2-7135-4731-ba6f-40517ef7c735,Abigail Johnston,Male,1985-01-17,1,"7943 Cole Station
West David, NH 14489"
6d8ba321-e18c-4dc5-8cd1-9bc630ec8c23,Emily Burnett,Male,2005-11-23,1,"6017 Mcclure Lock Suite 194
North Melissaland, VA 07647"
6dd76633-615d-4c5b-98d5-b72bd291ddea,Sean Levy,Female,1999-01-26,1,"PSC 1931, Box 8064
APO AA 90525"
6e1ada51-d5f1-4ab1-93ee-7ca577559442,Ann Mercado,Female,1946-04-02,0,"32820 Elizabeth Streets Suite 924
Kelleyburgh, IN 22672"
6ea25045-35e0-41e0-a884-a7d179bee7d6,Ernest Phelps,Female,1958-05-19,1,"15571 Dominguez Burgs Suite 607
New Tony, FM 37706"
6eb2fc5e-5ca8-4f06-a187-4280dae01dac,Christopher Murphy,Female,1915-10-03,1,"9004 Ward Club
Lake Michaelview, MN 82442"
6f69a8db-3006-4882-a1dc-27a42c56d6b0,Mr. Ralph Ho,Female,2017-10-27,1,"591 Keith Junctions
Welchshire, AS 53030"
6f736b5d-0ae4-4596-b75f-e7ee69ee3162,Kevin Torres,Male,1977-07-23,0,"57836 Tran Underpass
New James, SD 04104"
6fb4e982-c7fc-45d2-b6e9-41a7122b9413,Hannah Jackson,Female,1982-08-27,1,"9722 Taylor Light Apt. 214
Lake David, PW 88256"
6fc986ee-5aef-40ad-ab39-ad4cfa2033f3,Gary Ellis,Female,1994-05-14,1,"884 Smith Roads Apt. 380
South Victor, VA 30699"
701a116b-0e08-4d6a-bead-41e197c1aecf,Miguel Brown,Male,1966-10-25,1,"722 Wendy Courts
Port Elizabethfort, MD 16565"
705f3c73-ba1a-46a4-be4d-892d5dff1dd6,Anita Jacobs,Male,2018-10-05,0,"64998 Samantha Flat Suite 414
North James, MP 48300"
70e24eaa-768a-4e49-9abb-74b39d07c34d,Amy Wilkins,Male,1946-03-10,1,"390 Winters Junctions
Laurenhaven, DE 69108"
70f3ee2e-a72d-48c3-891f-70ac9f5c72be,Jason Bradley,Male,1935-07-11,1,"951 James Trail Apt. 456
Amandaport, NJ 10475"
714b9cb4-1d70-4336-86fb-299910eab9a6,Seth Bush,Female,2006-02-18,1,"29342 Maxwell Cliffs Suite 792
New George, MT 47156"
716f2f1c-83a1-4c93-920b-2fc477690228,Alexander Bruce,Male,1978-04-08,0,"50520 Miller Road Suite 123
East Victoria, MO 07068"
719c9cf2-cf19-4d6e-858d-744802be9bae,Mark Wise,Female,1917-04-29,1,"9641 Jennifer Center
New Ryanview, MI 76562"
722472fb-1f2c-444b-852c-240f92fc1127,Edwin Weaver,Male,1908-09-09,0,"0581 Grimes Plaza Apt. 243
Anthonyfort, AL 09526"
722fa938-52d5-4411-8264-74fe42a40b83,Amanda Garcia,Male,1952-05-26,1,"399 Taylor Neck
Moralesmouth, ND 48584"
72a72e69-d54c-43cd-b73a-dee8e13fbbda,Cheryl Thomas,Female,1954-11-15,0,"348 Christopher Shores Suite 730
Espinozaland, HI 62664"
72b84642-b5de-40ee-886c-b85803a3e98d,Ralph Holt,Male,1997-08-24,0,"1018 Forbes Springs Apt. 973
South Amber, VT 68586"
73409862-a320-4fe0-a1c5-2fc00a1c3f8d,Pamela Jones,Female,1927-02-07,1,"89712 Gardner Village
Brownberg, ME 60291"
737aace9-f145-4087-8421-02cda67a428b,Carlos White,Female,1998-12-01,0,"807 Valentine Vista Suite 850
West Travisstad, PA 86332"
73a201ca-502e-4d24-8482-15961af53ab4,Jeffrey Smith,Female,1966-03-01,1,"867 Chapman Fort Apt. 591
Brownbury, AS 64102"
73a284de-96e1-4a89-96f6-a00d983019d6,Brittany Kennedy,Female,2002-09-11,0,"1136 White Path
Tonimouth, MH 12650"
7408f069-668c-4787-92cf-a2176fab5ee7,Andrew Anderson,Male,2011-02-23,0,"Unit 2453 Box 5267
DPO AP 29835"
74651a0a-0605-4c36-a1fd-3ee6a3b6bb47,John Matthews,Male,1937-02-18,1,"239 Martinez Drive
Martinton, GU 59320"
746c52f8-3d98-4ad3-892e-e59b9950f95a,Debbie Patrick,Female,1919-02-09,1,"476 Stanley Expressway
Williamburgh, NV 20823"
746dba30-a0cc-4eca-a2f0-c1a6d26e26b4,Sandra Smith,Female,1979-06-23,0,"9910 Douglas Cape Suite 926
East Lorihaven, ME 84492"
74f2b3d0-932e-4895-8214-2ed60b4cafa7,Jeffrey Hubbard,Female,1974-11-10,1,"751 Brooke Vista Suite 107
New Daniellebury, WA 47522"
7523820f-364e-4212-86d1-99c510f2e6e0,Christine Hughes,Female,2019-05-30,0,"0921 Nolan Corner
Samanthaport, OR 50632"
75558d9a-5836-4138-8093-0800f6c3fdf1,Diana Jones,Female,2024-04-02,1,"5690 Sherri Shoal
Edwardshaven, IN 11849"
75ebb9fb-f804-4041-bd00-ede7b244c30a,Kiara Wilson MD,Male,1972-01-07,0,"6498 Dorothy Square
Danielfort, VI 99744"
770fb827-a561-46aa-88dd-14caf0dec05f,Cassandra Davis,Male,1930-09-06,1,"21075 Linda Springs Suite 613
New Lynnport, TN 98475"
7768f13d-87d5-4268-9112-45691e6f1f68,Andrea Gonzales,Female,1991-01-25,0,"0806 Michele Cape Apt. 205
South Nichole, DC 81191"
77dd6477-9b4a-40a9-8c52-61f1de74c5a5,Karla Evans,Male,1935-09-19,1,"75179 Holt Hills
Jenniferton, WV 41094"
78495fb5-6996-4398-a651-558d4d66899b,Elizabeth Howard,Male,1963-02-25,1,"0598 Yoder Valleys
South Stevenfurt, TX 31085"
78bcbf3f-dcec-423e-b0f0-dc0ef582d608,Travis Jacobs,Female,1910-08-16,0,"91231 William Underpass
Lake Ryanmouth, WI 05073"
78cd1c04-9c18-46c9-9f97-31bb94588c5d,Dennis Smith,Female,1984-03-23,0,"785 Ramos Port
Toddfort, VI 47231"
78d01116-95ff-4f17-929a-496dcc994e3b,Shane George,Male,1997-06-27,0,"77046 Ashley Lodge
Anthonymouth, NJ 87088"
7962254d-affb-45cc-9988-32f4dd5c8371,Robert Wilson,Male,1977-02-07,1,"050 Thompson Lakes Suite 734
New Christopher, AZ 76165"
798b21cd-6e36-49d0-8230-118eecb436d8,Ariel Bond,Male,1948-11-15,1,"90376 Wilson Ville Apt. 192
Parkton, WY 95759"
79b5a4a1-5c6d-4344-bfab-f4a5bfdf166c,Karen Wilkinson,Male,2010-11-18,1,"71436 Smith Spurs Apt. 040
Medinaborough, PR 40887"
79c3094a-76f0-484d-ab0c-922f6b6ded24,Veronica Alexander,Male,1971-06-13,0,"15439 Marshall Glens
Christinafurt, NH 97199"
79dced8a-9bb8-4729-9b4f-d20780598f65,Phyllis Gutierrez,Female,1908-10-10,1,"358 Carrie Trafficway
South Bethanybury, AR 33584"
7a0811c3-52ed-44e4-a184-b7e62437c58d,Derrick Alvarado,Male,1977-01-17,1,"PSC 9501, Box 4274
APO AP 33001"
7ba88749-b84c-4d51-b825-54407665a250,Valerie King,Male,1954-10-04,1,"6249 King Forges Suite 149
Ericborough, UT 30288"
7bb73b82-450c-44ae-a04e-79b134524a38,Mark Hernandez,Male,1910-11-02,1,"5225 Gabriela Mill Apt. 923
Ashleyview, VI 38401"
7c21799a-f9e7-412a-ab8e-af9243a73316,Christopher Taylor,Female,2015-10-13,0,"12021 Daniel Mall Suite 912
New Danielmouth, ND 39212"
7c68fffd-546b-4555-b528-dad6d6cedfcb,Jodi Franco DDS,Male,1946-08-03,1,"6324 Parks Coves Apt. 880
East Julianland, NE 95434"
7c96ee43-403f-41c8-a9a8-9b4bd377d916,Sharon Obrien,Female,1941-06-04,0,"0845 Gonzalez Spurs
Lake Dawn, NY 17093"
7cb7b65f-0570-4ce8-9c5e-0e35a56c39f7,Allen Butler,Male,1926-10-13,1,"71167 Smith Centers
East Christopherside, HI 52608"
7d2a18b4-371a-49bc-81f3-af860224e7ea,Ashley Harrison,Male,2001-08-23,1,"USCGC Keller
FPO AP 52259"
7d5041e9-9510-4f0b-96dd-6a15bccf8232,Zachary Johnson,Male,1929-12-11,0,"973 Sanford Creek Apt. 244
Catherineborough, VI 44155"
7da5c141-2757-4508-819b-72215d0195f3,Carol Stone,Male,1954-02-14,1,"962 Cook Hills Apt. 527
Port Bradleyside, CA 44708"
7da614a5-5b35-4b90-a696-ae829286fad8,Keith Hamilton DDS,Female,1943-02-03,0,"035 Alyssa Track Suite 939
East Kara, NH 79717"
7dc26181-f365-40be-9a94-5dbbf6c925f4,Mrs. Melissa Morgan,Male,1997-08-21,1,"2152 Allen Crossroad
Philipberg, FL 08116"
7e122aa5-2a57-478e-b40c-fccaec20d840,Jessica Chavez,Female,1985-11-29,0,"87872 Jesse Locks
Briggsview, NV 18907"
7e65ae78-114a-4c80-bc99-fad47a3c89f7,Jesus Morgan,Male,2013-09-24,1,"044 Bray Throughway Apt. 320
North Heidiside, IL 49030"
7e69ffc1-eaff-4399-be3f-7d154d0137bf,Nathan Mcdaniel,Female,1919-08-27,0,"6900 Jacob Pine
East Davidview, NH 58853"
7f399100-7aab-4888-8140-079e2a2edf82,Travis Kidd,Male,1942-03-28,1,"8337 Keith Isle Apt. 858
Brownborough, MO 84345"
7ff69bc1-96b1-4508-a668-ae94537fbc9c,Robert Bradford,Male,1920-08-24,1,"821 William Ways
Torresview, DC 53387"
80bd7191-bf90-4f75-8c6c-908eeb69d60e,Amy Lewis,Male,1977-06-20,1,"389 Scott Fall
Newtonberg, VT 90665"
81208098-ad03-46ea-a89f-0276784bf65f,Steven Spears,Female,1999-09-01,0,"9127 Roman Flats
Port Sara, CT 61853"
8131de78-8491-4892-ab08-0e04311a851f,Stephanie Lopez,Female,1998-07-21,0,"8933 Lee Locks
West Sheena, MH 12921"
81372fe8-4c49-4b1d-b17e-bd34593f281f,Patricia Robertson,Female,1954-07-22,1,"070 Lacey Square Apt. 587
Seanland, OH 36852"
817eef27-e731-4134-9f58-ef07458072ef,Thomas Jackson,Female,1923-01-23,0,"PSC 4747, Box 5702
APO AP 15243"
819cdad9-acdf-4664-af99-870c8e47972c,Tiffany Johnson,Female,2018-05-04,1,"555 Robles Crest
Andrewtown, IN 44506"
81d6798b-4177-486a-9b93-f3876e4ef809,Alec Cardenas,Female,1970-02-17,0,"4952 Christopher Crossroad
Christinahaven, CA 86486"
822f5e76-df8a-4d60-8753-bc8b62b78585,Daniel Johnson,Female,1909-10-19,1,"063 Tyler Corner Suite 328
Shawchester, MI 56015"
823472d4-9656-42b3-adb1-39438b7e1c4b,Amy Vaughan,Female,1919-03-18,1,"632 Christopher Port Apt. 783
Jonathonstad, AK 24877"
839ccfbb-e246-4d7b-91d6-843a718c83f2,Jacqueline Osborne,Female,1924-03-22,0,"28008 Jenkins Shoal Apt. 536
Haydenborough, AL 89432"
8438ac9b-9333-43bd-b6de-00a2d8c6abdc,Melissa Rodriguez,Male,2007-11-16,1,"9099 Pitts Stream
Jacksonshire, NV 65846"
849a78fc-82df-4393-867b-9a90f74f3cc6,Preston Arnold,Female,1984-05-25,1,"1422 Patrick Locks
Briannamouth, MS 94549"
85094dc5-b023-415f-8602-77f348823bba,Kim Washington,Female,1919-02-26,0,"811 Veronica Canyon Suite 509
New Pattyberg, PW 98413"
855f03eb-3a6e-4de4-96ac-e41606c566c3,Mrs. Sharon Padilla,Male,1931-03-22,0,"350 Alan Locks
New Marieside, WV 43982"
855f7fde-064e-4685-ac80-cd666e3a3a41,Melissa Jones,Male,2004-09-26,0,"774 Desiree Ranch
Wendyshire, AL 72587"
8563d65f-11e3-4ad8-bbd7-d1e4f1d8b651,Nicole Alvarado,Male,1916-07-05,1,"494 Maria Mills
North Nancyburgh, NY 76468"
85d3c794-42d2-43e3-9a16-38a44589536b,Michelle Christensen,Female,1933-07-12,1,"574 Nicole Divide
New Karenbury, AK 36285"
85ec10a5-52b4-4afd-9add-1123506fd071,Matthew Young,Male,1978-11-08,1,"78514 Sarah Port
Donnafurt, AR 73653"
861a99ab-ec6b-453c-8ab7-fb2c546c7d01,Dustin Allen,Male,1965-11-26,0,"76546 Michael Ways
Port Richardview, AZ 43186"
862405cf-76e3-4de1-85f3-32e9510d6833,Allen Sanders,Female,2010-03-11,1,"1674 Garrett Island Apt. 572
Nancyburgh, SC 78061"
8638512c-5f79-49fc-896a-96d85c1d1bc9,Joshua Barron,Male,1981-06-28,1,"USCGC Burns
FPO AP 48883"
86813110-6b2a-4dff-82e3-99883578e21c,Michael Wilcox,Female,2014-04-01,0,"3893 Miller Roads
East Stephenshire, CO 63234"
868a7aa8-61c9-48a1-beb0-dacfa92e0de1,Cassandra Bowman DVM,Female,1974-11-25,0,"13982 Carpenter Drive
Carlosstad, NJ 19232"
86a05c0c-f203-4848-b210-6d5418ff5be2,Joshua Warren,Female,2016-09-14,1,"49591 Scott Forks
East Angelafurt, DC 53363"
87fef2de-6913-4eb5-a6f4-f3f89bea948d,Michelle Peterson,Female,1939-04-24,0,"900 Bianca Lights Suite 846
Bobbyberg, MI 61740"
89145928-18ce-407a-a8ea-ac3a6065226d,Marie Perkins,Female,1988-10-18,0,"828 Shelton Branch Apt. 628
Griffithport, OK 40694"
89387d6f-0541-4a40-a364-b54c4c048554,Mike Eaton,Female,1942-11-13,1,"74072 Ryan Drives
Montesville, TX 95381"
8957c372-bd59-4e5a-8998-e3cd8dd36053,Sarah Morrison,Male,1952-07-19,0,"6781 Hodges Fork
Brittanyborough, WI 21583"
8979b2ab-bb20-403c-933c-cd2b6d22c295,Vicki Lambert,Female,1911-08-10,1,"90261 Arthur Path
Kaitlynmouth, NM 07809"
89aae11a-270d-487f-987a-aad76c68e12b,Matthew Morris,Female,2014-03-31,0,"4440 Valerie Route Apt. 938
East Kathy, IL 25587"
89d593e0-c21b-485d-bfc8-efafa333f6c3,Kristina Howard,Male,1987-02-04,0,"1759 Rebecca Neck Suite 728
Andersonport, TX 53880"
8a3b9ff3-3fb8-4fab-a2cb-31f3579e4254,Blake Perkins,Female,1994-07-31,0,"56996 Jefferson Ways
South Juliabury, AK 69328"
8a631b2c-12a3-4e24-828d-b47ff2c50bae,Samuel Payne,Female,2016-05-06,0,"543 Jasmine Cove
East Susan, NC 10235"
8a97894e-efab-46e5-9597-e1285de4cbb1,John Oneal,Male,1972-03-22,1,"382 Gloria Skyway Apt. 022
North Garrettborough, RI 13863"
8b306650-f4f8-44c9-9b5e-29d4881542f5,William Lester,Male,1985-09-15,0,"PSC 6549, Box 1657
APO AA 02199"
8b5692b8-a416-41ad-92be-4505019ca368,Patrick Moses,Male,1972-04-12,1,"26680 Foster Wall Apt. 945
South Emilyshire, SC 92588"
8bf9dcb5-b2f7-4cff-ae25-1cc3c63c5ef7,Christopher King,Female,1985-05-01,0,"767 Villarreal Trace
Cherylland, WA 55126"
8c99231a-e6b5-4734-aa33-bdb3febd927d,Katie Torres,Female,1996-02-14,0,"07307 Russell Tunnel
West Jeffery, PR 30764"
8cda273d-bc38-479a-bebc-5d975656a8b1,Matthew Dickson,Female,1931-01-31,1,"384 Ochoa Estate
North Andrew, OH 83221"
8d6616ac-2456-43e3-81c5-4b9812d6071f,Harry Abbott,Male,1915-11-14,1,"8352 Andrew River Suite 363
West Jordanmouth, TN 55222"
8dfdde3b-30d1-48e0-8412-0999555a5449,Sharon Santos,Female,1994-02-24,1,"5710 Andrew Stravenue
Port Elizabethport, WY 42602"
8e7fdd3a-04c1-47ec-b5a9-f82cb8ca903e,Henry Torres,Male,1923-02-19,1,"Unit 8040 Box 7812
DPO AA 04114"
8e9699fc-c231-4d1f-ae96-8eae70783b94,Shaun Brewer,Male,1973-01-18,0,"USNS Walker
FPO AA 34845"
8eafcc46-4616-4e6f-807f-feeddf3a99be,Brenda Lucero,Female,1939-01-17,1,"6879 Melanie Shore Suite 916
Codymouth, MI 05019"
9000dbe6-46e3-4945-994d-fae8b9c18fb4,Brent King,Female,2018-08-19,0,"38610 Breanna Skyway
East Dennis, WA 78892"
905ea882-b4fe-4af1-8de3-e6eedfc8f044,Andrea Baldwin,Male,1941-10-26,1,"50348 Walton Pike
East Kathyburgh, DE 28804"
907c6d24-f45b-4637-b5a3-43eceee24e5a,Taylor Mcfarland,Male,1989-09-14,0,"92250 Stephen Pike
Cameronborough, WY 13392"
90933299-10a7-48eb-b3be-b3b8a895dc8f,Sharon Kelly,Female,1941-12-02,1,"65202 Sheri Fort
Robertsberg, MN 53723"
90ef25ba-58f1-47ca-b8fd-735f3186fdc7,Kyle Black,Male,1962-06-27,1,"4690 Boyer Prairie
Hayeston, GA 00927"
9174c51c-b440-4c4c-bdf3-c72fcb8492a1,Michelle Robinson,Female,1927-10-08,1,"8023 Wilson Row Suite 776
Fullertown, ME 37757"
91e13149-2eb9-42f4-8570-7a41e82ac7fe,Connie Walton,Female,1963-07-17,1,"452 Brent Wells
North Brandonburgh, KS 81676"
920bdfce-47af-4c7a-b2c9-2eff658db551,Joanna Lewis,Female,1947-10-08,0,"17645 Donovan Gardens
Port Ericberg, CT 67078"
925c9a7c-e0cf-4062-809e-f8b3853523c7,David Phillips,Male,1980-03-21,0,"26606 Mayo Lodge Suite 645
Elizabethville, HI 11224"
928b244f-462f-4c03-a675-63b9761dc21c,Amanda Clayton,Male,2020-03-25,0,"PSC 4818, Box 0499
APO AA 70430"
93551535-c60b-4969-9a0a-68ad4712164f,Jason Carrillo,Female,1938-06-24,1,"701 Philip Ridge
Ericaborough, NJ 79640"
93790b02-33ba-48fb-b5f8-7f87460797fa,Sarah Henson,Female,1991-05-11,1,"68657 White Center
West Jennifer, OH 70004"
948cde8f-37b0-4190-8eb5-ee140b66653a,Donna Moore DDS,Female,1987-02-10,1,"72579 Beverly Fields Suite 804
New Elizabeth, CA 98799"
94ba85d0-3590-47e0-b0a9-0780d41847fb,Jillian Thompson,Female,1997-03-02,1,"6623 Roy Crossroad Apt. 056
Michelechester, TN 99141"
94bf988f-7b26-4e01-8d44-2d119919a5c4,Christopher Herrera,Female,1973-07-10,1,"469 Greg Drive
Shepherdton, OH 16529"
94f06873-e273-47e1-895e-08552ad5dcb6,Michael Mitchell,Female,1940-07-12,0,"457 Natalie Causeway
South Justin, AR 42445"
95b7952d-6677-4cae-8ac0-a55a2348dec4,Ryan Garza,Female,1959-04-05,1,"Unit 2379 Box 0715
DPO AP 51314"
95eb4f35-46de-46a0-9219-30a075fe294e,Don Jacobs,Female,1955-07-28,1,"USS Clark
FPO AP 36632"
960afa69-51c7-4aff-9d19-45f576403f75,Paul Espinoza,Female,1992-10-25,1,"1939 Fuller Row Suite 899
Port Sarahtown, CO 89201"
96f74481-5990-49cf-bc2b-e913647abe43,Mark Everett,Male,2010-01-08,0,"966 Raymond Spurs Suite 168
Barkermouth, MO 94203"
97103a4f-797b-493e-9fe3-fdb689d38c1a,Joseph Mcguire,Male,1941-09-15,1,"4462 Gregory Mills Apt. 173
Port Michaelstad, WI 96724"
980d0255-8832-43f5-b1b1-435adb61a119,Susan Brooks,Female,2014-04-25,0,"899 Alexis Points Apt. 963
Jacksonberg, WV 08400"
9830dad2-f7a4-470c-860f-deac4d71dbfa,Brandi Morales,Male,2014-08-19,0,"5563 Michael Courts
Scottfurt, TN 59850"
987467be-e094-4123-a33e-f75e344498c2,Jennifer Hinton,Male,1981-08-12,0,"088 Jackson Motorway Suite 951
West Calvin, CO 07636"
98fbda6a-0079-430c-89b8-3a638d557969,Donald Rogers,Female,2010-06-15,1,"64492 Karen Expressway Suite 441
North Scottborough, IN 39931"
98fe185c-b1c2-46b9-b1d2-6676277481f5,Sean Bright,Female,1998-03-19,1,"843 Garcia Heights
North Andrewbury, ME 61966"
990c2cb8-96ef-4edf-956c-68c870e860e6,Daniel Hall,Male,1977-01-29,1,"02874 Amber Prairie Suite 971
Douglasshire, WY 24836"
993c4ce9-3823-4a97-910b-3e748111f218,Travis Rodriguez,Male,1965-05-31,1,"22375 Ray Wall Suite 593
Leemouth, GU 68964"
996a0f4e-ad17-424b-840e-b7cdda6a16c4,Bryan Torres,Male,1973-11-24,0,"8322 Melissa Way Apt. 503
Arnoldberg, MA 28451"
9985c409-fcbd-437c-90a3-e005b3e9b4ed,Daniel Walter,Male,1915-01-29,0,"9372 Phyllis Crossroad Suite 313
North Shelleyberg, MD 41703"
99e935f9-d804-4350-a206-37c2de5536b0,Matthew Lucero,Female,1973-08-08,1,"4992 Carrie Landing Suite 415
Tuckershire, VA 38167"
99efff58-9a3e-4eb3-b2f8-6625278ec27a,Connie Stephens,Male,1922-12-10,1,"993 Dennis Ports
Phillipsport, GU 21126"
99f159dd-cda2-48d1-8673-18b76397c14e,Eric Mason,Female,2010-03-15,0,"98065 Tiffany Fork
New Jamesmouth, DC 86118"
9a51ee1e-492c-454f-8e7a-4825e9349a88,Desiree Eaton,Female,2008-09-02,1,"02288 Deborah Plain Apt. 309
Andrewside, WY 69821"
9a8073bf-98ca-49bd-8138-1f59ffe4edf7,Carrie White,Female,1920-06-01,0,"8367 Montoya Village Apt. 179
North Sandramouth, UT 44451"
9aca71c5-0875-40b3-9dac-de5b5263878b,Kristine Payne,Male,1974-10-01,1,"17050 Mendoza Row
New Joyceton, NY 36789"
9ad47e37-8b4e-4028-a206-c06d83d48558,Aimee Bishop,Female,1937-07-10,0,"7383 Joanna Fort
Walkerfort, WV 17052"
9c0a7ec5-62db-4099-943c-849a5c50ef4d,Deborah Richmond,Male,1994-09-06,0,"85889 Thomas Corner
Johnsonbury, WY 17840"
9c0d8a77-2258-4c96-94cf-dad6dd933cae,Tina Osborne,Male,1929-01-11,1,"850 Douglas Glens
Valentineville, TX 87850"
9c3dfdc8-8004-4e3c-9e15-4cf635dad5c3,Antonio Marshall,Male,2013-04-10,1,"8809 Phillip Cape
North Heather, MD 12823"
9c67ca4f-b94a-497f-9b7b-7d7d00ef1859,Mark Reeves,Female,1975-03-28,0,"57326 Robin Route Suite 223
Marthaton, NC 48967"
9c68e031-0298-40eb-a6f4-6469f7b8d6ac,Christopher Murphy,Male,2007-09-07,0,"24683 Sheila Falls
Onealland, SC 36427"
9cea4fb9-df68-49f7-b626-c17c649a751d,Zachary Ray,Female,1930-12-27,1,"PSC 9503, Box 5196
APO AP 51791"
9cea7ac8-f4e8-4af4-b5e4-024d47079785,Susan Wilson,Male,1917-12-14,0,"Unit 3939 Box 3361
DPO AE 60610"
9d3b1e2d-9fcb-4f26-834e-889525cea112,Jacob Bowen,Female,1944-07-20,1,"35926 Miller Circles
Michellehaven, WV 59700"
9dac998b-a787-4c82-a87c-f72b5201e1b7,Alexis Santos,Female,1958-10-20,0,"3869 Dalton Canyon Apt. 730
Martinmouth, WV 53970"
9df3792a-db8a-467a-9db4-0faa92845a82,Carol Moody,Female,1961-04-30,1,"62355 Walker Gateway
Maciastown, SC 10438"
9ee1d355-f13a-4a77-a8f8-bd44f1efec10,Robert Walker,Male,2001-11-25,0,"0711 Holly Drives Apt. 428
Port Melinda, NM 43088"
9eede3a1-759f-4511-aa39-8384232440aa,Amy Myers,Female,1910-03-12,1,"8017 Heather Glens Suite 152
East Amy, MT 77866"
9f42a279-a5ce-4b50-b19f-36137a3043e5,Tina Walker,Male,1966-04-09,0,"37597 Cameron View
Davidchester, MI 40569"
9ff171f4-c806-4cda-aa0c-ffb208bd31b5,Shelby Dodson,Male,1972-10-12,0,"96690 Coleman Parkway
Port Tinatown, MN 08767"
a05e318f-d51c-4514-b4f6-d8fdfe8d7107,Chad Kim,Female,2004-10-28,1,"461 Brandon Port
North Michaelborough, IN 57562"
a0adfeb5-6490-40a6-b1aa-1f52736f91c8,Scott Smith,Female,1923-08-27,0,"34459 Jensen Trace Suite 522
East Calvin, IL 58212"
a14379f6-5872-4086-a0f6-951f1fc4b8f2,Tara Dickson,Female,1967-12-30,1,"5375 Cynthia Knoll
Jesusside, TX 51148"
a1718c83-9bd8-48ab-b0d2-19b49f9d5a49,Sean Gonzalez,Male,1948-08-07,1,"2488 Kristin Well Suite 851
Jamesland, RI 15548"
a1803330-388d-40f7-9e02-e3b6d1a6bbfd,Haley Martin,Female,1964-01-18,0,"535 Raymond Burgs
West Nicoleberg, WV 97470"
a1f2ebcb-2821-4e05-9ab0-992ebc813090,James Hunt,Male,1977-03-28,1,"315 David Mountains Apt. 261
New Sharonmouth, CT 11555"
a243b73d-f1fa-449b-9e02-06efc9ec3426,David Skinner,Male,1940-02-15,0,"255 Taylor Heights
Michaelchester, MN 32494"
a24ae13a-4f7b-4aa1-9573-1db6e4985f3a,Victor Sanchez,Female,1986-06-26,0,"479 Elizabeth Islands Apt. 578
Hallstad, PR 65447"
a25da5e4-8656-4204-8a3a-6729a5064f54,Sherry Hernandez,Male,1957-02-05,0,"Unit 2098 Box 5064
DPO AP 69833"
a2ae4d2c-f442-4890-8316-e363a3c022f3,Sarah Herrera,Male,1947-04-03,1,"PSC 1069, Box 4650
APO AA 36666"
a2deeaf3-5adc-4fd6-bd91-bb9a99a4297a,Kimberly Williams,Female,1933-03-23,1,"49962 Smith Lane Apt. 132
North Jermaine, MO 11428"
a2efa586-24d6-4fc4-9aa9-0aa290e5f7db,Patrick Small,Female,2012-05-11,1,"67625 Mcneil Club Suite 476
North Richardhaven, SC 54492"
a33e2241-9402-43ff-ac7f-263fcda58b2f,Brad Elliott,Male,1927-12-08,0,"4981 Daniel Ranch Suite 793
North Janet, KS 82121"
a3c3696a-b5b2-42cd-8fd1-fbca87a7b8aa,Megan Lee,Male,2022-07-19,0,"35659 Harris Lake Apt. 471
East Catherinechester, TX 06439"
a3fad0da-3fea-4653-a1b7-dbafa4f438ce,Nicholas Brown,Female,1976-07-25,0,"388 Young Gateway
Port Matthewfurt, WY 73532"
a41e7bae-a848-4c21-9886-59cdd2eb9924,Lisa Gardner,Male,2010-09-03,1,"682 Hicks Mews
Rossshire, AR 22260"
a450282f-d1e0-4406-be3e-5e2cc478e402,Charles Espinoza,Female,1929-05-28,1,"2101 Thomas Trace Suite 610
South Michaelstad, PA 65619"
a49e77a0-ae4c-4dca-9a82-f3174071470e,Christina Guerra,Male,1912-12-06,1,"30276 Ronald Garden
Lake Ashley, VT 41463"
a4a3c56d-9174-44db-ad40-e2c074f1cf5d,Marvin Smith,Female,1929-11-19,1,"83305 Smith Dale Apt. 570
Glentown, WV 09766"
a4d671bd-f75b-463b-8912-ba5571ac0c6e,Kimberly Knox,Female,1974-05-31,1,"47751 Avery Street
Rhondamouth, CA 32162"
a521877f-4e71-4784-bbf6-43adb43e46f2,Henry Russell,Female,1933-11-29,1,"5191 Johnson Via Apt. 529
West Brettmouth, WV 56532"
a52d2820-cada-41f4-9795-98130b8df7b8,Cole Garcia DDS,Female,1912-08-18,1,"102 Mason Heights
North Brandistad, AR 10686"
a5a1b648-ca61-481b-9f91-e3d99d770192,Eugene Salazar,Male,1962-08-01,1,"2802 David Mountain Apt. 549
New Kyle, CT 24342"
a60fa3c4-0ffd-4fca-bf9a-b734644e1b5a,Mitchell Bailey,Male,1941-04-24,1,"46377 Marie Street
Port Thomastown, PA 91578"
a65533ed-d5c8-4241-95c4-3049d2cda427,Alexander Jackson,Male,1926-07-09,0,"858 John Springs
Richardfurt, SD 11280"
a67381a4-3870-4a4b-a656-c9f4de316556,Jennifer Sullivan,Female,1917-02-19,1,"USNS Page
FPO AA 52218"
a767a0c2-468f-4e3a-ab38-c84e4123bd3e,Rachel Lewis,Male,1986-09-23,0,"10840 Buck Lake
Port Kara, PW 78790"
a82f447d-60b1-4cc8-bd59-fcfd0174bec7,Mr. Richard Jordan,Female,1990-11-16,1,"2718 Karen Hill Suite 084
South Martin, AS 06086"
a8372902-398d-4488-bc7c-b7c0a4629abe,Jason Browning,Male,2003-12-05,0,"126 Maria Stravenue Apt. 994
Harrisborough, ME 30255"
a95ef918-3189-4011-811a-113bb2e29319,Mark Brown,Male,1978-11-07,1,"0652 Krista Course Apt. 711
South Justin, GA 85913"
a98b664a-6873-4a6e-9d23-52ff585eabea,Robert Wolfe,Male,1939-01-02,1,"7175 Miranda Spur
Cummingsfort, NH 18749"
aa1444b8-8ad3-4628-b9fb-596ed5caf3c4,Kristy Lee,Female,1970-11-16,0,"53902 Carmen Street Suite 915
Theresaton, MS 73161"
ab73b8d8-ff70-4222-89ef-862d27e5527c,Michelle Hart,Male,1969-09-29,1,"343 Stephanie Coves Suite 366
Port Marc, VI 88175"
abdb44dc-51b0-496f-898a-ad5d3288e05d,Melissa Rodriguez,Male,1977-01-03,0,"465 Benjamin Bypass Suite 476
Fisherstad, KS 98742"
ac4098b4-7cd2-4399-ba01-1deb44da633e,Amy Ellis,Female,2022-11-14,1,"Unit 5055 Box 9084
DPO AP 08047"
ac46e6ea-f0f0-4bc8-a92b-8c46e69d6678,Dr. Kimberly Krueger DDS,Male,1929-03-19,0,"71744 Smith Locks Apt. 954
Port Christopherland, OR 07993"
ac4a00e2-8203-4cd0-a06b-1fd9a6b48af3,John Holmes,Male,1930-11-27,1,"5524 Richardson Haven
North Samanthaland, MP 23291"
ac56d4aa-3028-4c57-9cba-cacfee9bcdb5,Jason Camacho,Female,1967-11-01,0,"9296 Faulkner Grove Suite 068
Bartlettview, AK 83363"
acb32b68-6561-409a-9f2c-3e72e4d3742e,Andrew Sanders,Female,1991-03-26,0,"922 Michael Canyon
Toddview, MT 85772"
ad3f1a7a-802c-46b0-8bd9-393507d9a9ee,Joseph Page,Male,1999-04-27,0,"1213 Castaneda Fords Suite 490
Michaelview, NH 23387"
ad48629b-fb31-4cf2-910b-4f9b8c819fe7,Andrea Reyes,Male,2008-06-23,1,"84642 Theresa Turnpike
South Candice, KY 65978"
ad6c34b6-83f2-4ae2-959b-ad299ef5436e,Sydney Ward,Male,1990-04-22,1,"27932 Gomez Track Suite 451
East Matthew, WI 89497"
adb7e01d-764c-462e-868c-d4462c633cdb,Marissa Grant,Male,1940-12-05,0,"40704 Justin Route
Lake Brian, MS 00968"
ae656c1f-9ccb-417f-a7ac-58d14ded4c62,Collin Hayes,Male,1972-06-01,1,"6361 Nancy Ridge
East Jason, LA 75665"
aec2a435-a7ca-4e66-9c1f-bc7d57b8091d,Mr. Darren Mcclain,Female,1982-03-28,1,"763 Hester Estate
East Aprilland, MD 39420"
aee36043-d96f-4879-9eca-88b3e9f4a9db,Shawn White,Male,1941-01-26,0,"USCGC Martinez
FPO AA 71578"
af07626f-89e5-4e9f-a94e-a6a333e4d140,Hannah Chandler,Female,1982-11-19,0,"PSC 9679, Box 2983
APO AA 91991"
af604597-bd8b-4b11-9f47-b7b51f79c834,Christopher Banks,Male,2022-02-11,0,"78366 Oneal Parkways
Warrenport, AS 11119"
b01ebf28-95af-43c7-9c35-a47762f65adb,Heather Jones,Female,1996-05-17,0,"7161 Kathryn Coves
Steventon, RI 85359"
b088a0c1-70bd-484a-b172-025bd6c9e955,Angela Garcia,Female,1927-03-20,1,"350 Schneider Stream
Alexanderstad, FL 44408"
b0a4d6a1-8ee3-4e6f-9150-fcf7ae386053,Gail Smith,Male,1952-08-20,1,"398 Evan Loop Suite 184
South Brian, WI 18638"
b0fa4e8b-feb0-4061-9ae3-3e8d04834287,David Martinez,Female,1979-08-16,0,"566 Jennifer Station
Lake Daniel, MS 62508"
b1834b7c-4fb9-47f7-83ec-d5125023eae8,Zachary Jones,Female,2000-07-19,0,"058 Montgomery Mills Suite 934
Nobletown, DC 96409"
b1d3e0af-2117-4994-9267-7490e120bd4d,Daniel Hoffman,Female,1988-02-13,1,"PSC 9395, Box 9389
APO AA 51552"
b1fbf1c9-246e-4d91-8d2d-f0ae62ab506c,Amy Fischer,Female,1922-12-15,0,"60302 Crystal Pines Apt. 203
Pamelaport, MS 55027"
b2228aa7-ae76-4462-b27c-3d2750d40be8,John Nolan,Male,1910-07-30,0,"59254 Simpson Turnpike Apt. 171
Margaretton, GU 98471"
b28ad280-5ff3-4d5e-a275-d4b32dec85fd,Andrew Steele,Female,1925-01-11,0,"PSC 8518, Box 1403
APO AA 24468"
b34bc365-7ac5-45cb-a691-b249f9f71217,Anthony Holmes,Male,1916-03-30,1,"PSC 9622, Box 8858
APO AP 70423"
b34cc973-fc2d-416c-9a1b-b8beca83551a,Joshua Jones,Female,1929-03-30,1,"2218 James Viaduct Suite 684
Lake Bryan, KS 51064"
b3ee991e-fae4-4a8e-ade4-dbdda5773197,Melanie Peterson,Female,1936-05-20,1,"0939 David Squares Suite 066
Mullinsland, TX 46725"
b424d1ef-202c-4128-aed7-0a4c30de2a45,William Gallegos,Female,2019-01-01,0,"5719 Beltran Vista
Moorehaven, AK 73142"
b58b0d2a-fb98-4cd2-9938-5720ad878cdd,Chad Shelton,Female,1998-07-06,1,"39108 Jamie Rest
Lake Michellemouth, UT 95714"
b5e96dd5-be7c-43d7-b759-47004f772344,Joyce Reed,Male,2022-02-16,1,"Unit 3606 Box 5518
DPO AP 40797"
b5f2d569-eca1-4a46-bbbe-1845f971bd36,Bethany George,Female,1960-06-28,1,"311 Benjamin Trace
Lake Sara, NH 34787"
b648690d-bb71-46bd-8125-dda64af282d3,Pam Parker,Male,1934-07-25,1,"26965 Michelle Key
Millerfort, MD 75372"
b65b65e7-06d7-4c4d-8df4-d5157d7b9f91,Daniel Mckay,Female,1933-10-04,0,"326 Laura Summit
Heathershire, MP 88069"
b6660fbf-982a-4991-9047-d84f1783f444,Jordan Miles,Female,1932-04-26,0,"61358 Pierce Road
Michaelside, OH 38270"
b6d043f2-be6c-4cce-be54-f648055a19b1,Melanie Kelly,Female,1924-09-18,0,"41069 Norma Haven Apt. 063
South Scottstad, MD 53703"
b7a24ad8-da3c-446a-b043-c0f574ccb2e7,Anthony Gonzalez,Female,1980-03-27,1,"5595 Paul Burgs Apt. 248
Port Brian, CO 34444"
b7c09910-92c8-4bdc-970e-7fcb16551880,Lisa Torres,Female,1966-06-10,0,"23661 Catherine Mall
New Stephanie, PW 97744"
b82448ac-9dbb-4ab5-a723-4d245b912620,Charles Alexander,Male,1944-01-26,1,"226 Jared Parkways Apt. 475
Robbinsland, IN 57095"
b89f8575-22cb-4dd1-bb52-8f8d5dc7dfdf,Lisa Johnson,Female,1941-08-30,1,"35767 Robert Gateway Suite 965
Port Hunter, UT 94089"
b92fd0d8-b18f-48e3-9ce9-61ed39c68718,Christopher Burke,Female,1977-02-17,1,"0909 Thomas Crossing Suite 945
Christophertown, NV 19483"
b94018b4-ef46-4c3b-94d3-9b8e6674ab76,Brian Adams Jr.,Male,1974-02-07,1,"7118 Long Knolls Apt. 262
Port Karen, MP 32945"
b96e5301-ecde-4cb9-b2c9-830b9bf570b7,Michael Dunn,Female,1908-05-12,1,"48150 Watson Freeway
Port Anthony, MD 20873"
b9a086b7-bfcb-4dbf-a0ce-4065a4b1daa6,Melissa Houston,Female,1951-01-05,0,"681 Justin Manors Suite 384
South Earl, NC 97818"
b9c066e2-01ab-4962-9f00-ec7ee8fe7d94,Scott Carlson,Female,1924-12-04,0,"7465 Miller Divide
West Jasonside, WY 15086"
ba76bf01-b979-4a81-802d-fb480851c064,Jacob Case,Male,2002-01-30,0,"170 Logan Highway
Johnsonview, MS 63549"
baf741d2-7fde-477f-9156-37891137c885,Cheryl Johnson,Female,1951-06-17,1,"46898 William Springs Suite 737
Port Arthurview, WV 91347"
bb03150e-37ad-43c6-b1ba-63e63c27a256,Kathryn Mclaughlin,Male,1981-06-28,1,"85696 Richards Row Suite 495
West Edwardside, IL 39099"
bb37eebe-827d-4cc8-aa08-095584674cf0,Andrew Ellison,Male,1946-07-16,1,"1591 David Villages
Phillipsmouth, AL 71431"
bba82167-220d-4d0f-a6ea-37725cbe603d,Susan Reyes,Female,1910-09-08,0,"860 Vasquez Ways Suite 989
Stephenbury, OK 65349"
bbb1220d-cf3d-4ace-a521-86ea6e5ada3d,Robin Brooks,Female,1986-04-14,1,"13518 Daniels Orchard Suite 953
East Jonathan, IL 84395"
bd145586-aaa0-41df-a5af-3c47fdde00aa,Elizabeth Herring,Male,1971-04-25,1,"0975 Alexander Center Apt. 751
South Dorismouth, ME 21187"
bd7fb15a-7671-4e7e-92fc-801c3121e762,Wayne Hamilton,Female,1920-03-09,1,"9345 Boone Station
Lake Shellychester, PW 02450"
bddc5308-5d9d-4692-9db8-f37edf725ff4,Deborah Odom,Female,2007-05-31,0,"USS Ferguson
FPO AE 84912"
be0bc8f9-de4f-4b1d-8197-e50485699e30,Kevin Winters,Female,1964-02-01,1,"321 Williams Flats Apt. 003
Carrtown, IL 67430"
be120e08-9e8b-4706-b198-3f30f7ad5902,Lisa Weeks,Female,1910-03-01,1,"47017 Allen Way
Callahanstad, NE 21163"
bea1b8e2-6a66-4e34-8134-195d4ad46aec,Sheila Thomas,Male,1975-09-05,0,"3136 Amy Island
Gabrielleshire, OH 15048"
bf7bd1a4-debb-44de-b397-5ff453cd115b,Paula Hart,Male,1984-12-21,1,"6499 Alexis Roads
Ryanville, ME 52053"
bf9425fa-fe41-432e-bb0c-ff230eabb202,Amy Hoffman,Male,1988-12-16,0,"863 Logan Lock
East Daniel, MT 74354"
bfa86487-a9a3-41f1-955b-45763b6ce0c6,Victoria George,Female,1985-07-05,0,"694 Jonathon Motorway Suite 398
North Diana, WV 29403"
c04307db-876c-4247-9038-7a5a0eacaab4,Kristin Miles,Female,2021-02-01,1,"48719 Brett Mews Suite 313
Amyfort, KY 84833"
c09c70ce-de4f-4dc6-9e5f-d9f5c463ecaa,Patricia Erickson,Male,1931-07-26,0,"251 Mark Mountain
New Darlene, RI 10114"
c0bf6b18-47e5-4a4f-8453-e9ab04fd5079,Angela Rodriguez,Female,2016-05-14,1,"308 Hess Parkways Suite 112
Sandrabury, DE 83130"
c0c97f50-e32b-43b7-9846-317020824c07,Dr. Randy Arellano,Female,2009-11-28,0,"3329 Strong Keys Apt. 813
Davidshire, MI 42513"
c1a555c4-024c-4351-8d80-965789a5645c,Melissa Garza DDS,Female,1913-01-08,0,"674 Clark Hills Suite 826
South Calvin, OH 46243"
c1c4fc81-f0e7-4517-a37e-c0b94453c46e,Christopher Wells,Female,1936-09-17,0,"5538 Maria Garden Apt. 665
Cruzton, MD 70961"
c1f6a2f6-ae12-4c75-86e5-953f7d7ac599,Benjamin Woodward,Male,1983-02-15,0,"9278 Mills Well Apt. 495
West Alexland, WI 63997"
c22c3f6c-edb8-43a4-b009-519bfa8e546c,Jennifer Walker,Male,1989-05-09,1,"88627 Miles Ridges Suite 850
Brandtberg, NY 03692"
c24e4990-8495-4226-b59b-fc8839d7ee3e,Marissa Nelson,Female,1976-07-31,0,"62345 Marquez Curve Suite 629
South Codystad, LA 53662"
c2bddb94-5041-483e-97f1-d385690ff149,Christopher Nelson,Female,1927-08-16,0,"7173 Mason Way Suite 709
Justinhaven, PR 86107"
c2d11248-1c31-4356-bf0e-93d3d61baaeb,Monica Haney,Female,1969-07-01,0,"866 Jamie Manors
North Keithshire, UT 95139"
c2da897e-c413-456b-81bd-8312d19547f4,Michael Palmer,Male,1988-07-02,1,"61222 Katrina Harbor Suite 980
Angelaton, GA 83306"
c325c74c-8d70-463d-98ea-f1d332cc638e,Valerie Schmidt,Male,1932-07-28,0,"5506 Smith Fort
Griffithchester, MN 98615"
c35b177c-52bf-48ff-bf2d-1208c0324696,Erin Contreras,Female,1947-03-08,0,"452 Jessica Ford Apt. 371
Port Tammychester, NY 95019"
c3646e25-7d9c-437e-a652-f7572efbbaa3,Matthew Diaz Jr.,Male,2005-08-15,1,"PSC 5664, Box 6241
APO AP 12485"
c36b572c-0711-4d1d-b59c-24b911768f69,David Potter,Female,1919-04-16,1,"6464 Mora Shoals
New Wendyside, TN 26212"
c4056d5d-90af-45b5-a9c7-6987c2334592,Matthew Smith,Female,2003-01-07,1,"902 Karen Harbor Suite 796
South Brad, WY 63525"
c608111c-88f3-45df-b99f-4bdcc35bc340,Timothy Torres,Male,1974-12-15,1,"9496 Sanchez Rue Suite 307
Charlesport, AZ 68049"
c60a6866-e041-402f-8aa7-0279081f46e3,Joseph Kramer,Male,1911-11-20,1,"3366 Anderson Springs Apt. 208
Rebeccaton, VA 66327"
c685e37f-99d3-4b73-8c36-c539f95777fa,Aaron Peters,Female,1973-10-31,1,"5150 Jose Lights
Andreashire, HI 72133"
c6b7c12e-44f1-4327-9975-e1576aa898b4,Curtis Winters,Female,2023-02-05,1,"962 George Burgs
Campbellshire, NV 17904"
c705c772-829b-4a7a-a52b-0659b6644e62,Kimberly Johnson,Female,2016-11-02,1,"24644 Jennifer Port
Lake Lisa, AR 97900"
c77839f3-4740-4154-876e-84c5745cf78a,Alicia Long,Male,1963-06-05,1,"USCGC Bridges
FPO AE 51719"
c7aaa8c1-e716-46da-bca4-0ec2f4e9e29c,Jamie Scott,Female,1926-03-30,1,"64713 Wolfe Mission Apt. 478
Freystad, MA 19133"
c848b18e-9159-40c3-9950-2b59e551f05b,Christopher Greene,Male,1976-02-21,1,"797 Graham River
Vazquezside, KY 82430"
c84a0e57-d9c6-4e02-b270-a06c81ac6d91,Traci Kim,Female,2004-05-27,0,"USNS Edwards
FPO AP 07046"
c892a6b4-2b08-4fd3-bfaa-ecf5ff75e53f,Courtney Crawford,Female,1995-09-10,0,"9237 Kelly Courts Suite 515
Kennethborough, MS 21566"
c909c823-e41f-4edc-87db-7d9dcb9c283a,Allison Carter,Male,2023-03-15,1,"634 Huffman Shores
Kevinland, KY 37882"
c9409799-d992-403c-b669-61a824c9944c,Justin Reyes,Male,1910-06-23,1,"36801 Carter Glens Apt. 550
South Andrea, AS 78527"
ca47e2f4-d7bd-48cf-a30e-ae96edabaa2f,Teresa Hill,Female,1932-12-12,0,"255 Michelle Neck Apt. 705
Lake Andreaview, AR 46551"
ca6e2516-706f-4e2a-a065-2ed83a14b045,Jesse Swanson,Male,1944-06-20,0,"10660 Baker Drive Suite 252
New Dianeville, NJ 05985"
ca9b40ea-980f-4ccd-9c7c-9e9e27e2e090,Gregory Peterson,Female,1942-07-31,0,"759 Johnson Haven
Tiffanyville, HI 62411"
cae267b3-b8c0-47c1-a843-42e33f326243,Cory Ferguson,Female,2022-03-13,1,"43738 Perez Expressway Suite 651
New Michael, FM 94835"
cb37442c-d394-4837-bba8-cdefe0054243,Nicholas Duncan,Male,1916-03-03,0,"684 Amy Gateway Suite 893
Lake Anne, IL 20954"
cb387732-32a8-4e16-974f-4ce144ea12fb,David Black,Female,2018-05-25,1,"PSC 4791, Box 7142
APO AE 57525"
cb7af9a3-7435-45f6-97b9-f9c2cc076b11,Scott Rojas,Female,2013-12-05,1,"2606 Brittany Avenue Apt. 285
Meyerfurt, IN 95529"
cbdc2b7f-3d87-4085-a040-4c1d45d53d55,Alison Rojas,Female,1921-08-11,0,"525 Eric Inlet
Lake Jenniferborough, VA 05588"
cbf2873a-900f-4734-a147-f8b777fc8a6c,Glenn Wang,Male,1917-03-30,1,"018 Bell Summit Apt. 816
East Rebeccaberg, AL 68126"
cc94f6c0-883d-4784-8944-2ce8c58e8965,Veronica Johnson,Male,1952-02-16,1,"14595 Deborah Lake Suite 704
Heatherton, IN 80021"
ccbbdacf-b2f7-4065-9372-90ac4a976311,Sean Ball,Female,1961-04-14,0,"619 Nelson Vista
Angelicaberg, NJ 27514"
ccbfe5eb-8fd4-4e91-8504-f5ae8a43d3fe,Angela Bell,Female,1926-11-03,0,"00942 Raymond Row Apt. 311
Cartermouth, TX 24405"
ccd3da31-5faa-4df3-87b2-3c5a754d8b71,Robert Schmitt,Female,1994-11-11,0,"0688 Benjamin Rapid
New Richardview, MO 20742"
cdc7576a-60b8-4f12-9563-9cf7a52ca82e,Chad Blackburn,Male,2007-09-04,0,"61437 Wood Manor Suite 268
North Marcville, AS 20025"
ce1ed4ff-0a39-4b52-8d9d-2e6e289ff7b5,Angela Robertson,Female,1920-01-29,0,"6132 Amber Brooks Suite 485
West Christine, IN 39790"
ce8f2227-ad21-4851-b289-0ccb00afd770,Jennifer Morse,Male,1990-02-28,0,"3902 Johnson Wall
Lake Mary, NY 99657"
ce9e3d5b-350d-4adb-8d3a-0a2b9aec5710,Devin Farmer,Female,1932-10-28,0,"41552 Cummings Ports
New Ericaville, NJ 85741"
ceb8467c-5fe0-41be-8205-8661b6d6f00f,Brianna Garcia,Male,1943-11-29,0,"58177 Rebecca Isle
Wademouth, OR 20007"
cee97a46-a553-4a2b-860a-773c5c8fc411,Charles Nguyen,Female,1927-02-13,0,"02954 Hart Highway
East Sharon, FM 45302"
cf1c5557-808a-4a20-8c0e-d11d7944dfdb,Kenneth Williams,Female,1994-07-14,0,"PSC 2095, Box 6528
APO AE 75189"
d01b73f1-b4a2-4572-8008-2b97eb52a3d0,Melissa Moore,Female,1993-10-16,1,"Unit 1539 Box 4964
DPO AP 18499"
d0295455-1202-48dd-8b96-199c68293963,Donna Thornton,Male,1974-05-08,0,"6252 Adam Trail Apt. 971
Port Amanda, CA 84860"
d0410823-114a-47e7-b890-40b914bc20df,Ross Hall,Female,1997-05-31,0,"PSC 1774, Box 0523
APO AP 08895"
d115ba30-f8ef-420d-9b63-f107cc23dadc,Kimberly Riley,Female,1955-02-01,1,"9106 Moore Island Suite 499
Emilyview, MO 49519"
d11ffbc5-86f2-4729-b0fa-095be880bf1f,Ronald Rodriguez,Female,2012-09-26,0,"16427 John Manor
North Holly, ID 89634"
d1273207-9097-4149-a98c-9fa2010c4769,Dana Barton,Female,1925-05-13,1,"877 Kim Light Suite 252
Nelsonland, NY 98793"
d132ade6-04f5-49fc-a48b-206da920a2b9,Gary Thomas,Female,2003-03-20,1,"56428 Holloway Glens Suite 054
Ballardbury, MS 73063"
d2aa47eb-4026-4499-9cfa-91cd9435ca73,Denise Todd,Female,1930-06-02,1,"USNS Holder
FPO AA 47186"
d2c1aef3-01de-4b3e-b4d1-0d883d36f292,Emily Maynard,Female,1921-06-13,1,"322 Derrick Extensions
West Melissa, NC 10326"
d31ba835-e758-45a6-a7f8-40e9813cc401,Andrew Brown,Female,1974-10-15,0,"1034 Wayne Circles
North Gregory, IL 07393"
d3dd6ea5-a528-4ee1-a53b-e92f338e6e85,Christopher Williams,Female,1930-11-01,0,"USCGC Acosta
FPO AE 21622"
d49e322d-4029-45d2-935f-49c73a954f6f,Erin Stephens,Female,1990-02-12,1,"95324 Taylor Estates
Velasquezchester, MS 86339"
d5659aae-99fe-4d26-86ea-d9926069ab5d,Rachel Rivera,Male,1926-02-26,0,"PSC 9914, Box 3499
APO AE 39443"
d626e232-a729-4153-a2e8-83f0bf8d5c35,Paul Richard,Female,2015-02-28,0,"4282 Simon Cape Suite 807
South Yolandahaven, VI 71912"
d6b5aaa3-ffdc-4bd4-ba0f-173dc5e81330,Joseph Ellis,Female,2006-10-06,1,"2520 Scott Harbors Apt. 816
Lake Johnton, LA 52730"
d6e86947-acfb-4892-a4c7-cd9986a6bb11,Nathan Gomez,Male,1979-06-01,1,"USNV Green
FPO AP 80774"
d7192341-b880-490b-b7ab-58db7072256f,Monica Mcintosh,Male,1924-09-18,1,"0302 Watson Drives
Lake Tina, MA 04839"
d7305b3b-d3e7-4b1b-b473-8734e3e0a018,Jeffery Hampton,Female,1961-04-02,0,"7709 Mclaughlin Wall Suite 991
Lindashire, MH 83458"
d7968fd6-dca5-433f-a672-61082f99d98d,Robert Kramer,Male,1955-10-23,0,"0497 Olivia Field
New Dennis, FL 99477"
d8007d3c-e8f7-4475-806e-6b4e03080843,Rachel Sanchez,Male,1998-09-08,1,"3850 Erica Freeway Suite 670
Lake Hannahton, GU 21914"
d80a60ca-850d-4507-bfe0-ba09890dea2b,Thomas Jenkins,Female,1934-05-29,1,"4595 Michael Trail
Port Linda, CA 67926"
d816916a-3a19-4a1b-b6cf-a4454d49196f,Lance Baker,Male,1931-06-01,0,"PSC 4827, Box 7830
APO AP 49864"
d88416a8-189b-49e8-9503-cdaadb2b06bf,Michael Davis,Female,2009-04-28,1,"Unit 6839 Box 0905
DPO AA 64941"
d8873f05-c93e-430f-9fc1-a7420417a93d,Holly Walker,Male,1921-11-24,1,"859 Webb Court Suite 605
Houseview, MO 51982"
d88947d1-fa96-4a19-8faf-3b9f2b736efe,John Smith,Female,1974-06-07,0,"6763 Mason Plains Apt. 854
East Brent, HI 59419"
d89672b5-8594-4939-b42a-957a95a0fd9f,Eric Khan,Male,1934-07-08,0,"USNV Mckenzie
FPO AA 96221"
d91aaa33-c359-478a-a822-27c5b7ce11d4,Jenny Pollard,Female,1992-05-03,0,"539 Katrina Wells Apt. 184
Lake Luke, VI 03746"
d96a95c7-17d9-42a1-84e8-a05edb961262,Megan Cooper,Female,1923-12-28,1,"346 Lee Station Apt. 923
Lisamouth, AR 89024"
d99a3329-130d-425c-b712-14b07843537e,James Rojas,Female,1910-11-14,0,"4268 Lee Squares
Christopherport, OR 81261"
d9c4aa25-dad4-48e2-a345-505cad3919e3,Michele Hines,Female,1978-02-24,0,"5312 Mindy Run
West Lauraland, CO 96181"
d9ddfbbc-254d-425c-89a3-aa034219b6a6,Kelly Mendoza,Female,1931-11-10,1,"4622 Rodriguez Skyway
West Ericfurt, GU 02437"
da2af205-b1b2-4c2e-9f4d-4f72a1aa2db3,Susan Crosby,Male,1912-08-25,0,"836 Harvey Street Apt. 979
South Josephport, WV 03523"
da5e3c59-b6b6-4b85-bb06-f10b6420e716,Vincent Lambert,Female,1963-10-14,0,"8653 Bennett Ridges Apt. 371
Port Christopherfort, ME 58830"
daabbed0-e899-4925-a5ba-237cf9de576b,Kimberly Hernandez,Male,1943-04-11,1,"4197 Conner Circles Suite 848
North Heidihaven, WI 15454"
daefa2e7-b81f-4fed-909f-72aa56b53316,Jennifer Campbell,Female,1915-04-08,1,"887 Andrew Key
Veronicaville, CT 18959"
dafd3a72-d1a6-45de-9041-8dd3d2f40099,Johnny Branch,Male,1952-11-20,1,"Unit 1626 Box 7022
DPO AE 73671"
db131926-4961-45d9-bc71-17b7e380bd42,Alyssa Cervantes,Male,1931-04-16,1,"814 Rachel Cove
South Rayburgh, FL 68914"
dc631627-a757-43e4-b055-fbbb536d634a,Craig Holder,Female,1983-05-26,1,"5453 Stephenson Freeway Suite 835
Katherineberg, VI 95855"
dc75ca1e-7021-4e09-85c8-173ce3956ea7,Aaron Thompson,Female,1936-02-04,0,"3155 Schmidt Dale Suite 379
Seanberg, TX 89135"
dce77673-2594-449b-86a7-c7b89f7540ab,Susan Lopez,Female,1971-04-07,0,"23803 Kelsey Burgs Suite 716
Marieton, AR 18172"
dda1c309-4bb5-4343-aaac-5e142334cda2,Jeremy Mckinney,Female,1970-03-13,0,"2842 Marshall Viaduct
Lake Sonyaville, MN 58087"
ddf843f5-abec-48c6-9991-2419c4159583,Michael Rogers,Female,1948-05-12,1,"30908 Lisa Isle
Lake Kimberly, NV 33384"
de725691-7224-48b2-9f3a-02220a823da3,Jonathan Powell,Female,1983-11-02,1,"022 Perez Spurs
Josephtown, SD 98027"
ded2d948-4d4f-4fea-9cec-18b694f64b44,Mrs. Kelly Levine,Male,1956-12-25,0,"176 Kurt Shore Apt. 767
Bentleyfort, MP 70549"
df0ee800-1724-4505-a8b0-31aaa0ff5558,Chase Green,Female,2023-09-05,1,"6663 Harris Court Suite 926
Port Keith, NY 21581"
df9b14d1-d5cc-4097-b707-68db80dd530f,Bryan Brown,Female,1977-12-28,0,"66545 Shelton Streets
Jeremyland, ID 96061"
e031e01a-a964-4694-876e-5c830b93b451,Sarah Hodge,Male,1993-11-09,0,"86801 Daisy Dale
New Scottport, OK 20804"
e05e1050-49ec-40d6-a757-8985f2cf2476,Kelli Brock,Female,2011-01-05,0,"USCGC Leon
FPO AE 61001"
e0664aa3-7919-4c79-8215-ea6e48ed25e2,Elizabeth Gray,Female,1911-01-11,0,"88878 Betty Cliff Suite 800
East Alan, LA 85423"
e0e0369f-e2aa-4621-8a5e-13b453a77a2a,Mr. James Gardner MD,Male,1914-11-21,0,"9498 Steven Mountains
Lake Gailview, ND 70899"
e0e75ed8-0c4f-41d9-a1f5-8b6e7a40f93d,Thomas Young,Female,1938-12-18,0,"733 Anna Center Suite 358
Robertsstad, UT 70155"
e0eead70-604a-4b27-b4c6-1f174a3a0b2e,Gwendolyn Navarro,Female,1961-12-09,0,"1606 Alvarado Port
East Kimberly, MI 43884"
e0eee45d-c3c3-4bb1-8518-8437c329b104,Mrs. Alison Alexander,Male,1936-09-20,1,"9584 Heather Parkway Suite 646
East Matthewchester, VT 21846"
e1066c08-ba79-47e7-b950-d7e8dc914543,Samuel Dennis,Female,1972-03-01,0,"9552 Mckee Groves Suite 594
East Matthewbury, IL 04996"
e10af6b8-8974-4927-977a-5c719bedc554,Scott Brown,Male,1935-04-30,1,"508 Quinn Village
Aliciatown, MH 13305"
e1183b21-cd05-4e42-9f04-d3f7a88ea890,Scott Gordon,Male,2023-04-07,1,"4906 John Overpass Apt. 934
North Cody, ND 30468"
e126bd7d-54ee-48c3-8e85-016204f1c5cb,Rachel King,Female,1955-04-13,0,"324 York Mill
Bowersfort, IL 68258"
e1440b9d-5fa7-49c9-a36e-60c2c537ad72,Laurie Allen,Male,1992-03-27,1,"58141 Dylan Springs Suite 733
East Andres, DC 67366"
e164459a-4a6a-4b50-9c76-1a8e094e04dc,Gabriella Cook,Female,1987-04-18,1,"00160 Joanne Isle Apt. 033
Dickersonton, NV 50094"
e17932b9-ea87-4db5-9c74-69d41389e475,Margaret Saunders,Female,1924-10-05,0,"9913 Davis Gardens Suite 725
Daltonhaven, AL 28371"
e1a17dec-82eb-429d-b618-b02e551c8ca2,James Kelly,Male,1985-06-19,1,"2357 Dunn Locks Apt. 631
Stephanieland, MO 09303"
e1a29bb9-b3fb-44fe-9d0c-10b1026d822b,Kelsey Hill,Female,1916-06-06,1,"70694 Holmes Plains
Karlaland, MD 03866"
e1bf0350-ab95-4fab-b1bc-9c2b69a031a3,Samantha Howard,Male,1952-07-05,0,"26478 Willis Lakes Suite 818
Lake David, AK 45286"
e1d96a21-007d-4cc4-b92b-f43463ea9cc7,Susan Price,Female,1979-03-22,0,"715 Jennifer Mountain Apt. 878
Miguelfort, UT 27787"
e1e1adbe-1cfb-45f5-b761-c6145d62da1c,Shannon Anderson,Male,1998-12-18,0,"92729 Dawn Harbors Suite 768
Hortonmouth, NY 57146"
e1f90ec3-ecaf-483c-aed8-38be12a96c5f,Victor Lyons MD,Female,1973-10-20,0,"822 Sharp Islands
South Jordan, KS 88936"
e2032339-845d-493a-9396-d7a9be7003fc,Erin Smith,Female,1919-05-30,1,"7180 Angela Squares Suite 196
East Amberland, MP 05295"
e25eefa6-c6da-480d-b2bb-6ee58be54a42,Richard Maynard,Male,1932-11-03,1,"186 Melissa Crossroad Suite 530
East Kevin, KS 93130"
e2708e33-e087-4525-ba34-89f9e8459f78,Sydney Clark,Female,1920-10-17,1,"71410 Robert Motorway Suite 466
Johnsonmouth, VA 94443"
e2abcfa9-0381-442c-acff-1e6444fb8d14,Evan Paul,Male,1952-04-18,0,"981 William Crossroad
Christopherburgh, AK 41782"
e47ce3ab-c79a-4694-802d-b0570ce18c7c,Kelly Green,Male,2000-05-28,0,"050 Ward Falls
West Richardmouth, VT 87977"
e47f8685-fc3f-445b-804a-8976f83dcbcd,Melinda Johnson,Female,1928-02-22,0,"4705 Kevin Stravenue Apt. 099
New Kimberly, VT 56719"
e4dea207-365c-400e-9a6a-fd41fa893586,Kimberly Briggs,Male,1973-11-05,1,"98148 Dawson Crossroad Apt. 560
Elizabethville, FM 88747"
e628c807-f66e-4be6-baee-4bf2f1264dab,Anne Newman,Male,1963-03-11,0,"036 Timothy Greens Suite 124
Benjaminfurt, AS 77160"
e6765a78-e42a-4f74-bde2-46f7f13fe69c,Erica Harrison,Female,2022-02-17,1,"452 Campbell Inlet Apt. 458
New Richardland, GU 67690"
e6a77556-8ed8-4a48-8372-a348066ec6ee,Michael Ramos,Female,1941-01-24,1,"373 Dave Locks
Michelleshire, ND 52343"
e6f6141d-1c2c-4477-8b45-75fc23575c15,Christopher Soto,Male,1957-06-28,1,"621 Murphy Greens
South Jasonport, MI 99493"
e73c2c2f-c099-4b13-b325-d8668aa77d41,Vincent Wells,Male,1960-09-12,0,"907 Kenneth Island
Lake Michellefort, GA 09250"
e84f3593-85a0-425e-a613-99c98e9dad7d,Jasmine Ortega MD,Female,1972-12-19,1,"5326 Dennis Plains
Wesleyborough, IL 40261"
e867701f-339b-4ccb-ab10-8ac66bb2862b,Jessica Martin,Male,2015-11-21,0,"503 Hanson Coves Suite 849
Lake Donnabury, KY 70406"
e9f4d236-69fa-4a3b-bee3-6de1b95b8b27,Jennifer Gonzalez,Female,1969-04-07,1,"163 Lauren Overpass
West Josephshire, GA 40605"
eac24108-f846-4dbc-8bcb-8a44e46c3517,David Woods,Male,1926-04-22,0,"228 Kerr Coves
Brandonhaven, MP 09392"
eb2ac71f-c3e0-4652-a0b6-b448966c71e6,Joel Gonzalez,Male,1946-08-26,1,"77260 Ashley Alley Suite 061
Rodriguezstad, AR 56582"
eb4ad4e7-a1a1-4f4a-8d3c-c1498d8498ce,Pamela Edwards,Female,1993-01-22,0,"8127 Smith Mission Apt. 832
Johntown, DE 40138"
ebcda36e-8d95-494c-8b27-4822c7435ee0,Jay Woods,Male,1922-03-18,1,"678 Fields Extension
West John, CT 82791"
ebe24dab-26b6-4903-a293-3b61101a6832,Gary Ramos,Female,1974-05-22,0,"2777 Daniel Mountains
Lake Ashley, CT 66742"
ebf652f2-6ca3-47ff-aca8-5c033800ef69,Deborah Kelly,Male,1998-02-05,0,"3868 Williams Fall Suite 151
Port Jordan, GA 97089"
ec3e9d04-a20e-43aa-9a58-101cb22e9363,Robert Huber,Male,2023-03-12,0,"2413 Harrell Points
Robertsonstad, DC 25903"
ec42e62c-f828-4f17-8448-8b4681a0f538,Brandi Lewis,Male,1916-11-13,1,"Unit 6384 Box 9131
DPO AA 90821"
ed0f68ac-d1fb-4222-b17d-9f4056b972bf,Joanna Barrett,Female,1933-12-09,0,"0677 Timothy Hills Suite 299
New Johnstad, AL 26142"
ed285149-dfdd-4521-a595-179652b1bb2c,Matthew Kelly,Female,2016-12-22,1,"110 Bailey Route Suite 833
North Ashleyfurt, LA 09782"
ed4ee2e1-1799-40c4-b608-b709baf276e1,Mary Meza,Male,2006-02-16,0,"9713 Johnson Valley Apt. 067
South James, FM 01461"
ed5f9faf-6b90-4882-8f18-5ac7d122c32b,Mike Parker,Female,1996-05-26,1,"2427 Kevin Junction
Ruiztown, LA 08535"
eda6191e-7186-48b8-b92b-12ed1ec6b569,Cesar Washington,Female,1990-05-30,0,"41806 Cortez Spurs Apt. 115
South Ambertown, MH 06401"
edcdcc3d-f76b-49f5-8e61-b58ac32f1896,Ronald Brown DDS,Male,1947-12-02,0,"3190 Hampton Burgs
North Benjaminfort, WI 22969"
ee08d5d2-960b-4feb-b08b-8f3b3a0021cd,Jeffrey Hahn,Female,1966-10-07,1,"5784 Wesley Falls
Port Lisa, MD 28597"
ee0b2b88-ade3-4de2-b1ab-78c4a9d9efa6,Lauren Donaldson,Male,1972-12-16,1,"134 Douglas Highway
Petersonton, AL 88105"
ee0f788c-36ef-4b16-a42f-127a8f0c6dce,Michael Hopkins,Male,2011-02-02,1,"6780 Joan Streets Suite 358
North Chelseachester, LA 89698"
ee492c46-b2cb-4205-8735-66661eddd726,Kelly Sloan,Female,1987-03-12,0,"69666 Cooper Turnpike
Albertview, DE 72629"
ee60bdee-1596-45b8-bf65-268d66e98ae0,Aaron Jones,Male,2021-01-02,1,"910 Conley Wells Suite 103
Sanchezland, MH 31335"
ee752094-f7f5-43f3-b2c9-00bf90d1172b,Danny Miller MD,Male,1908-07-02,0,"8091 Natalie Falls Suite 459
South Deniseland, ND 49982"
eef86c2b-bd96-4b0a-b163-bbe2fd0546cf,Sabrina Campbell,Male,1987-06-11,1,"8337 Seth Square Suite 492
Fitzgeraldton, ND 38855"
ef18738c-cc5c-478b-ab7e-17f45e2985a0,Monica Porter,Male,1919-02-26,1,"00260 Johnson Way Apt. 527
Becktown, FL 82489"
ef244b02-219c-4a80-bbac-51c673b7b7e8,Christina Ward,Male,1975-09-13,0,"505 Charles Station Suite 023
South Sarahmouth, OK 95994"
eff6aaa8-e4fb-488f-a21c-9be3b8efad78,Jaime Gross,Female,1976-04-25,0,"PSC 8379, Box 8517
APO AP 72798"
f01273a9-9947-498c-bf63-6cf803678c9d,Jesse Garza,Male,2001-05-05,0,"792 Kevin Centers
North Xavier, SC 58610"
f0187e13-ce6c-4d37-8b76-45a9c77c1f74,Christine Harvey,Male,1949-03-10,0,"13593 Zachary Lakes Suite 246
Robinsonland, NV 87677"
f028c217-cd73-48b1-9c01-f62e7d52e4eb,Dawn Clayton,Female,1966-01-06,0,"USNV Rubio
FPO AA 90788"
f03e6cd6-76ec-48cb-b372-190c62f1e6ec,Lisa Li,Male,2008-02-27,1,"649 Tammy Lake
Lake Andrew, SD 90809"
f0a2f61e-673f-4464-af46-f63c6dcba00c,Brent Armstrong,Female,1916-11-24,0,"655 Paul Route
Sarahton, TN 28878"
f0b845d2-6ec8-429e-bf3d-8492996561e2,Christina Lin,Female,1960-01-09,0,"38800 Douglas Square Suite 282
Thomasbury, MI 08735"
f0c41ab6-13ed-41ae-8eb4-6652fd4aa91f,Anthony Anderson,Male,2001-12-05,0,"04957 Smith Plains
Barryland, CA 93959"
f0db6a79-bdff-411d-9f79-8d778d312e04,Danny Price,Female,1951-05-28,0,"792 Jimenez Alley Suite 399
Kimberlyborough, RI 80760"
f13a8bfa-d023-40cd-ade4-c9776c0eb251,Alison Guzman,Male,1926-04-15,1,"8509 Ramirez Plains Apt. 540
Boydfurt, NH 94872"
f13e48d3-0f4e-442a-bb48-49b227e1b4f0,Krystal Taylor,Female,2021-07-08,1,"85985 Mccarty Mission Apt. 632
Douglasmouth, WV 69300"
f16136ea-41f7-420e-938e-2b3963393a5d,Alejandra Fisher,Female,1959-04-18,1,"27073 Powell Station Apt. 320
Joeview, MS 07610"
f1e4ed92-fd80-4d49-997d-0c3710fd7415,Troy Stewart,Male,2004-04-16,0,"593 Pearson Dam
Feliciastad, UT 40633"
f1fe13ac-e768-45a3-8f09-138c0f04f378,Dennis Hurst,Female,2021-09-28,1,"04579 Gray Plain Suite 940
East Rachelfurt, MP 04582"
f262fe21-ae56-419b-b535-4fc9515cfbf0,Dalton Bean,Female,1971-12-17,0,"91329 Ware Highway Suite 686
West Anna, WA 22906"
f3122705-c639-4d55-8ad5-7ba37b88f850,Jennifer Brown,Female,1948-04-19,0,"906 Donald Shores
Johnsonland, VI 84666"
f3858d0c-f0cd-4688-81d2-ce045e85d90f,Steven Mueller,Male,1967-11-27,0,"USCGC Herman
FPO AE 02862"
f3953ac3-085d-4ccd-aca6-266ba9972775,Daniel Miller,Male,1992-12-21,0,"634 Douglas Burg
Timothyborough, MP 67614"
f3a06d8f-5ac6-49c5-b9c7-3665be48d7a0,Hunter Holland,Female,1919-07-22,0,"7562 William Park Suite 909
East Alicia, CT 35083"
f3efd0a7-d362-4d9f-9068-aa6d0a1a1bf9,Dr. Maria Ortiz,Female,1921-10-25,0,"USCGC Kelly
FPO AP 26636"
f401b54f-0975-4b26-9b1b-c599d6c57de3,Sarah King,Male,1919-12-16,1,"6958 Heather Divide Suite 047
Port Markchester, NC 45242"
f41284db-0982-472b-b6de-4a4c3cdb0490,Julie Higgins,Male,1919-07-17,0,"248 Jennifer Brook Suite 428
Watsonborough, NH 30682"
f4ba9b02-b3d8-41ff-a362-8e3c00920fc0,Heather Morgan,Male,1912-09-02,1,"8039 Walker Mission
Tylershire, CT 23714"
f4e3244d-05c3-4820-83e5-08f231c78821,Jamie Mcdaniel,Female,2000-04-08,1,"10416 Higgins Circle
East Mark, SD 02801"
f5486023-805e-429e-a661-6bf4fd4c496f,Lindsey Rose,Female,1923-12-19,1,"404 Miller Brooks Suite 947
South Johnfurt, VA 86434"
f68bb6b3-b574-4f2b-9735-330fa352cae0,Daniel Baldwin,Male,2020-11-27,0,"2914 Miller Port Suite 342
Susanchester, TN 39715"
f6a54c32-4b9b-42b0-8582-b5bfa33a89c8,Kim Jones,Male,2015-05-01,0,"3361 Andrea Lodge Apt. 926
Hodgeton, KY 89469"
f7537898-ca8a-4406-a56d-4499e1705bbf,Tonya Smith,Female,2008-02-13,1,"PSC 9495, Box 0828
APO AP 09386"
f791a146-de1b-41ac-857c-dabc59612722,Andrea Smith,Female,1930-02-12,0,"399 Blackburn Centers Suite 989
East Donna, NV 89469"
f7b0f164-6e83-450a-8920-2bab846d8565,Joshua Alvarez,Female,1970-01-26,0,"90051 Shane Fall Suite 419
Lake Travismouth, WV 06837"
f80d2959-ac8c-4e11-be1c-e8303716c378,Jennifer Stevens,Male,1972-07-26,1,"6628 Johnson Field
Gabriellastad, IA 14345"
f80f8782-59c3-4101-b316-e68081677214,Rebecca Crane,Female,1959-04-16,1,"0017 Smith Trace
Maryton, NC 48819"
f8213767-8ee1-4348-9d84-6160a9102c14,Melanie Bush,Male,1937-11-30,1,"1098 Jones Run
Elizabethfort, WY 05517"
f82f3999-a1c2-4895-a1e1-1b7d44ec9c4d,Laura Mcdonald,Female,2018-07-23,0,"8744 Beck Fords Apt. 338
Kimberlytown, PW 86055"
f8edca48-3bf8-42bc-b935-6368d1deb34c,Charles Brooks,Female,1933-09-13,1,"57834 Nelson Plains
Dennistown, IA 02088"
f99984a5-b409-4144-9798-0502034e8907,Fernando Reilly,Male,1981-02-02,0,"514 Lynch Drive Suite 148
South Hollyton, PA 27386"
fa1365dd-e1cc-4af1-8fec-7095d414b0d3,James Kirby,Female,1990-09-17,1,"28735 Boyer Village
Macdonaldtown, AS 74117"
fada1798-b424-4fb4-9f73-b83aad2b6511,Carol Adams MD,Male,2014-03-14,1,"88105 Allen Parkway Apt. 312
Roberthaven, AL 49141"
faf5a276-d115-475e-8ac8-225f3b84e873,Kimberly Jimenez,Female,1989-03-12,0,"4190 Edwards Views Suite 627
Parkerhaven, MH 96408"
fb6e93ab-a470-4253-9c2f-4663c56de303,Richard Hoover,Female,2002-03-22,1,"PSC 2278, Box 7367
APO AP 62174"
fbeac290-d65a-4c99-850a-2beef5ef5f1d,Sarah Adams,Female,1919-05-22,0,"00572 Hebert Causeway
South Lee, CA 28638"
fc6513eb-da1b-4488-92dc-6da9934c7621,Melanie Williams,Male,1978-06-26,1,"694 Mendez View Apt. 055
West Kaylaton, LA 09235"
fc661389-345a-4753-8bc6-748ada871dbd,Monica Bennett,Male,2013-07-04,0,"280 Nathaniel Pass
Juliaton, AK 60755"
fd23ee4e-04c5-4b6b-9889-8dde848697e7,Edward Silva,Male,2023-03-10,0,"162 Eric Squares Apt. 133
Davidborough, PW 12512"
fd5a1cd2-cd3c-47d2-80d2-b336bd455a45,Gregory Butler,Male,1997-05-26,0,"427 Patrick Parkways Apt. 625
Brownmouth, HI 54837"
fd659c08-4b40-4ccb-83c7-0896e040a211,Tracy Gray,Male,1965-09-21,0,"98815 Benjamin Wells
Rowlandborough, FL 30241"
fe17664a-3225-4955-9cb7-b195e46c1daf,Brandi Johnson,Female,2003-02-12,1,"USS Andrews
FPO AA 74736"
fe25605b-c33e-4937-86d1-8cc81ec54af4,Joseph Diaz,Male,1991-12-29,0,"2302 Joanna Junction Suite 219
West Ronald, AS 74147"
fe2881bf-a461-4bfc-902d-fa53e55e9d3a,Rebecca Hall,Male,1977-12-21,0,"7999 Marsh Forest
Davidfort, MI 38691"
fe2d4d23-f559-4359-92f8-8dfa817b2155,Juan Bolton,Male,1983-05-19,0,"1426 Duane Glen
Peterside, RI 48134"
fe670886-feb8-4fc4-9701-0d1ae05497e8,Helen May,Male,1966-09-05,1,"3946 Bianca Green Apt. 841
Victoriaview, PW 41569"
fe8e990c-733c-4310-8c4a-2900b54f099e,Jason Clark,Female,1912-02-23,1,"78181 Eric Oval Suite 201
Geoffreyton, CT 84871"
fed0f957-5928-4c0b-82ef-3d7044346c7e,Roy Santiago,Male,1979-08-17,0,"17741 Crosby Manors Apt. 304
Leetown, KY 07777"
ff124670-e625-48b3-940f-3b0bfca22b94,Melinda Ellis,Male,2014-02-24,1,"4305 James Lock Suite 080
North Karla, MD 43677"
ff4c5afa-13c0-43b5-9448-8178bcbee28e,Jennifer Dawson,Female,1956-05-15,0,"78527 Brittney Dale Suite 992
North Robert, MI 63798"
ff8216f9-7e58-4a4b-af0a-26d1a3dd1106,Patricia Mccormick,Female,1982-07-07,1,"250 Powers Stream Suite 935
Lake Jocelynborough, OR 33574"
ffa80e63-d956-4a2d-a485-a3ea77d8019b,Shannon Davis,Female,1953-04-23,1,"86154 Fowler Turnpike Apt. 814
Kimberlyview, NH 68761"
